_id,Produto,Categoria do Produto,Preço,Frete,Data da Compra,Vendedor,Local da compra,Avaliação da compra,Tipo de pagamento,Quantidade de parcelas,latitude,longitude
6626a5c61be7ea4a2fc037a7,Iniciando em programação,livros,43.84,0.0,2020-01-01,Mariana Ferreira,SP,5,cartao_credito,1,-22.19,-48.79
6626a5c61be7ea4a2fc037b9,Iniciando em programação,livros,63.25,3.894137208,2022-01-01,Juliana Costa,RJ,5,cartao_credito,4,-22.25,-42.66
6626a5c61be7ea4a2fc037c7,Ciência de dados com python,livros,86.13,5.2731755368,2021-02-01,Camila Ribeiro,RJ,4,cartao_credito,3,-22.25,-42.66
6626a5c61be7ea4a2fc037c9,Ciência de dados com python,livros,72.75,1.458157705,2021-02-01,Beatriz Moraes,PR,4,cartao_credito,2,-24.89,-51.55
6626a5c61be7ea4a2fc037cc,Iniciando em programação,livros,61.73,0.0,2021-02-01,Beatriz Moraes,SP,4,cartao_credito,1,-22.19,-48.79
6626a5c61be7ea4a2fc037cf,Dashboards com Power BI,livros,57.63,9.3105595123,2022-02-01,Bianca Santos,SP,3,cartao_credito,1,-22.19,-48.79
6626a5c61be7ea4a2fc037d3,Ciência de dados com python,livros,79.28,1.8058605601,2022-02-01,Lucas Oliveira,SP,5,cartao_credito,1,-22.19,-48.79
6626a5c61be7ea4a2fc037d7,Dashboards com Power BI,livros,41.76,2.7546988942,2022-02-01,Juliana Costa,SP,5,cartao_credito,1,-22.19,-48.79
6626a5c61be7ea4a2fc037d8,Ciência de dados com python,livros,82.15,1.958679426,2023-02-01,Bianca Santos,SP,5,cartao_credito,2,-22.19,-48.79
6626a5c61be7ea4a2fc037df,Modelagem preditiva,livros,70.49,1.337819504,2023-02-01,Isabella Pereira,PE,4,cupom,1,-8.38,-37.86
6626a5c61be7ea4a2fc037e0,Dashboards com Power BI,livros,40.98,0.0,2023-02-01,Beatriz Moraes,RJ,5,cartao_credito,1,-22.25,-42.66
6626a5c61be7ea4a2fc037f9,Ciência de dados com python,livros,50.51,10.2450858314,2022-03-01,Thiago Silva,MG,1,cartao_credito,6,-18.1,-44.38
6626a5c61be7ea4a2fc037fd,Modelagem preditiva,livros,71.64,1.3990535443,2023-03-01,Mariana Ferreira,SP,4,cartao_credito,2,-22.19,-48.79
6626a5c61be7ea4a2fc037ff,Dashboards com Power BI,livros,43.35,3.2481049178,2023-03-01,Rafael Costa,BA,5,cartao_credito,2,-13.29,-41.71
6626a5c61be7ea4a2fc03803,Iniciando em programação,livros,65.86,4.4466946987,2020-04-01,Rafael Costa,SP,5,cartao_credito,4,-22.19,-48.79
6626a5c61be7ea4a2fc0380f,Iniciando em programação,livros,83.18,5.1160969115,2021-04-01,Isabella Pereira,SP,3,cartao_credito,4,-22.19,-48.79
6626a5c61be7ea4a2fc03811,Dashboards com Power BI,livros,40.85,0.0,2021-04-01,Mariana Ferreira,SP,5,cartao_credito,1,-22.19,-48.79
6626a5c61be7ea4a2fc03817,Ciência de dados com python,livros,75.04,1.5800933158,2022-04-01,Bianca Santos,RO,2,cartao_credito,7,-10.83,-63.34
6626a5c61be7ea4a2fc03824,Ciência de dados com python,livros,58.61,4.0606540096,2021-05-01,Beatriz Moraes,PR,4,cartao_credito,1,-24.89,-51.55
6626a5c61be7ea4a2fc03830,Dashboards com Power BI,livros,46.58,0.0,2020-06-01,Rafael Costa,PR,1,cartao_credito,4,-24.89,-51.55
6626a5c61be7ea4a2fc03832,Dashboards com Power BI,livros,42.09,0.0,2020-06-01,Felipe Santos,SP,5,cartao_credito,8,-22.19,-48.79
6626a5c61be7ea4a2fc03837,Dashboards com Power BI,livros,55.44,3.6390253647,2021-06-01,Camila Ribeiro,SP,3,cartao_credito,10,-22.19,-48.79
6626a5c61be7ea4a2fc03850,Dashboards com Power BI,livros,46.87,0.0,2021-07-01,Beatriz Moraes,RS,5,cartao_credito,8,-30.17,-53.5
6626a5c61be7ea4a2fc03859,Iniciando em programação,livros,56.9,3.560858347,2021-07-01,Mariana Ferreira,SP,4,boleto,1,-22.19,-48.79
6626a5c61be7ea4a2fc03862,Modelagem preditiva,livros,105.99,3.2280877057,2022-07-01,Thiago Silva,SP,1,cartao_credito,4,-22.19,-48.79
6626a5c61be7ea4a2fc0386a,Iniciando em programação,livros,55.86,6.1381932733,2020-08-01,Pedro Gomes,CE,3,cartao_credito,9,-5.2,-39.53
6626a5c61be7ea4a2fc03877,Modelagem preditiva,livros,101.54,14.5010858917,2021-08-01,Rafael Costa,DF,3,cartao_credito,4,-15.83,-47.86
6626a5c61be7ea4a2fc0387c,Iniciando em programação,livros,41.11,0.0,2022-08-01,Thiago Silva,ES,1,cartao_credito,1,-19.19,-40.34
6626a5c61be7ea4a2fc038a9,Ciência de dados com python,livros,80.32,1.8612374314,2021-10-01,Rafael Costa,SP,4,cartao_credito,2,-22.19,-48.79
6626a5c61be7ea4a2fc038b5,Ciência de dados com python,livros,88.2,4.9795105675,2022-10-01,Rafael Costa,SP,5,cartao_credito,4,-22.19,-48.79
6626a5c61be7ea4a2fc038b7,Dashboards com Power BI,livros,54.59,3.18987918,2022-10-01,Juliana Costa,SP,3,cartao_credito,8,-22.19,-48.79
6626a5c61be7ea4a2fc038ba,Iniciando em programação,livros,64.22,4.3079369753,2020-11-01,Thiago Silva,CE,1,boleto,1,-5.2,-39.53
6626a5c61be7ea4a2fc038bd,Iniciando em programação,livros,40.74,0.0,2020-11-01,Felipe Santos,SP,5,cartao_credito,8,-22.19,-48.79
6626a5c61be7ea4a2fc038be,Iniciando em programação,livros,46.79,0.0,2020-11-01,Rafael Costa,SP,4,cartao_credito,2,-22.19,-48.79
6626a5c61be7ea4a2fc038c0,Iniciando em programação,livros,60.27,3.4923220922,2021-11-01,Juliana Costa,SP,5,cartao_credito,1,-22.19,-48.79
6626a5c61be7ea4a2fc038c5,Iniciando em programação,livros,70.05,6.8937680841,2022-11-01,Pedro Gomes,SP,4,cartao_credito,1,-22.19,-48.79
6626a5c61be7ea4a2fc038c9,Dashboards com Power BI,livros,51.67,3.0343979645,2022-11-01,Larissa Alves,SP,5,cartao_credito,1,-22.19,-48.79
6626a5c61be7ea4a2fc038d6,Ciência de dados com python,livros,94.87,5.5826466179,2021-12-01,Isabella Pereira,CE,1,cartao_credito,7,-5.2,-39.53
6626a5c61be7ea4a2fc038e2,Modelagem preditiva,livros,79.82,1.8346139356,2022-12-01,Felipe Santos,CE,5,cartao_credito,1,-5.2,-39.53
6626a5c61be7ea4a2fc038ef,Dashboards com Power BI,livros,49.69,10.4438941213,2020-01-02,Bruno Rodrigues,SP,5,cartao_credito,1,-22.19,-48.79
6626a5c61be7ea4a2fc03902,Modelagem preditiva,livros,95.7,9.5757758076,2022-01-02,Juliana Costa,SP,5,cartao_credito,1,-22.19,-48.79
6626a5c61be7ea4a2fc03909,Dashboards com Power BI,livros,52.47,3.0826464613,2023-01-02,Felipe Santos,MG,3,cartao_credito,6,-18.1,-44.38
6626a5c61be7ea4a2fc03925,Modelagem preditiva,livros,64.69,3.7276737951,2022-02-02,Larissa Alves,SP,5,cartao_credito,2,-22.19,-48.79
6626a5c61be7ea4a2fc0394c,Iniciando em programação,livros,88.6,5.6060986304,2023-03-02,Isabella Pereira,SP,5,cartao_credito,1,-22.19,-48.79
6626a5c61be7ea4a2fc0394d,Modelagem preditiva,livros,84.08,2.0614461198,2023-03-02,Lucas Oliveira,SC,1,cartao_credito,1,-27.45,-50.95
6626a5c61be7ea4a2fc0394e,Ciência de dados com python,livros,72.73,1.4570927652,2023-03-02,Rafael Costa,PR,5,cartao_credito,2,-24.89,-51.55
6626a5c61be7ea4a2fc0395b,Modelagem preditiva,livros,61.12,3.7855606515,2021-04-02,Isabella Pereira,BA,5,cartao_credito,10,-13.29,-41.71
6626a5c61be7ea4a2fc0396f,Iniciando em programação,livros,88.14,2.2776289057,2021-05-02,Rafael Costa,SP,1,cartao_credito,1,-22.19,-48.79
6626a5c61be7ea4a2fc03971,Dashboards com Power BI,livros,47.26,0.0,2021-05-02,Isabella Pereira,RJ,2,cartao_credito,10,-22.25,-42.66
6626a5c61be7ea4a2fc03975,Dashboards com Power BI,livros,52.8,3.4984533068,2022-05-02,Juliana Costa,SP,4,boleto,1,-22.19,-48.79
6626a5c61be7ea4a2fc039aa,Ciência de dados com python,livros,63.96,0.0,2020-08-02,Felipe Santos,PR,5,boleto,1,-24.89,-51.55
6626a5c61be7ea4a2fc039ab,Ciência de dados com python,livros,55.49,0.0,2021-08-02,Beatriz Moraes,PA,5,cartao_credito,2,-3.79,-52.48
6626a5c61be7ea4a2fc039ae,Dashboards com Power BI,livros,42.72,0.0,2021-08-02,Rafael Costa,SP,5,cupom,1,-22.19,-48.79
6626a5c61be7ea4a2fc039c9,Iniciando em programação,livros,62.95,4.0389102715,2022-09-02,Larissa Alves,SP,5,cartao_credito,1,-22.19,-48.79
6626a5c61be7ea4a2fc039d1,Modelagem preditiva,livros,79.3,1.8069255,2020-10-02,Isabella Pereira,RJ,5,cartao_credito,1,-22.25,-42.66
6626a5c61be7ea4a2fc039f5,Modelagem preditiva,livros,75.75,1.6178986798,2022-11-02,Felipe Santos,RJ,5,cartao_credito,2,-22.25,-42.66
6626a5c61be7ea4a2fc03a20,Dashboards com Power BI,livros,40.3,2.6721187509,2021-01-03,Pedro Gomes,SP,2,cartao_credito,4,-22.19,-48.79
6626a5c61be7ea4a2fc03a24,Ciência de dados com python,livros,62.53,3.6126602932,2021-01-03,Thiago Silva,PR,4,cartao_credito,1,-24.89,-51.55
6626a5c61be7ea4a2fc03a27,Ciência de dados com python,livros,95.35,5.3602265574,2021-01-03,Thiago Silva,RJ,5,cartao_credito,10,-22.25,-42.66
6626a5c61be7ea4a2fc03a31,Ciência de dados com python,livros,98.61,2.8351249077,2023-01-03,Thiago Silva,SP,5,boleto,1,-22.19,-48.79
6626a5c61be7ea4a2fc03a44,Ciência de dados com python,livros,73.59,1.502885178,2021-02-03,Juliana Costa,RS,5,cartao_credito,8,-30.17,-53.5
6626a5c61be7ea4a2fc03a4a,Dashboards com Power BI,livros,51.19,0.0,2022-02-03,Lucas Oliveira,SP,1,cartao_credito,18,-22.19,-48.79
6626a5c61be7ea4a2fc03a55,Ciência de dados com python,livros,81.21,1.9086272539,2023-02-03,Camila Ribeiro,SP,1,boleto,1,-22.19,-48.79
6626a5c61be7ea4a2fc03a5e,Iniciando em programação,livros,56.74,3.3043602119,2021-03-03,João Souza,SP,5,cartao_credito,10,-22.19,-48.79
6626a5c61be7ea4a2fc03a72,Iniciando em programação,livros,42.69,0.0,2023-03-03,Camila Ribeiro,MG,5,cartao_credito,1,-18.1,-44.38
6626a5c61be7ea4a2fc03a85,Ciência de dados com python,livros,99.15,2.8638782832,2020-04-03,Felipe Santos,MG,5,cartao_credito,7,-18.1,-44.38
6626a5c61be7ea4a2fc03a8c,Dashboards com Power BI,livros,58.7,3.4087243154,2021-04-03,Isabella Pereira,SP,5,cartao_credito,1,-22.19,-48.79
6626a5c61be7ea4a2fc03aab,Iniciando em programação,livros,44.09,2.6307857682,2020-06-03,Lucas Oliveira,SP,5,cartao_credito,9,-22.19,-48.79
6626a5c61be7ea4a2fc03ab0,Modelagem preditiva,livros,63.34,3.9037689728,2021-06-03,Rafael Costa,SP,5,cartao_credito,4,-22.19,-48.79
6626a5c61be7ea4a2fc03ade,Ciência de dados com python,livros,65.74,7.9804959394,2021-08-03,Bruno Rodrigues,RJ,5,cartao_credito,10,-22.25,-42.66
6626a5c61be7ea4a2fc03ae3,Iniciando em programação,livros,48.2,5.7303213177,2021-08-03,Juliana Costa,BA,5,cupom,1,-13.29,-41.71
6626a5c61be7ea4a2fc03aed,Iniciando em programação,livros,59.69,9.5579272936,2020-09-03,Camila Ribeiro,SC,5,cartao_credito,3,-27.45,-50.95
6626a5c61be7ea4a2fc03b18,Dashboards com Power BI,livros,37.98,2.3054466495,2021-10-03,Thiago Silva,RJ,5,cartao_credito,2,-22.25,-42.66
6626a5c61be7ea4a2fc03b1f,Dashboards com Power BI,livros,35.72,2.7903977148,2020-11-03,Juliana Costa,SP,5,cartao_credito,4,-22.19,-48.79
6626a5c61be7ea4a2fc03b2b,Dashboards com Power BI,livros,39.78,2.6492698508,2021-11-03,Thiago Silva,MG,5,cartao_credito,2,-18.1,-44.38
6626a5c61be7ea4a2fc03b31,Modelagem preditiva,livros,78.42,1.7600681474,2022-11-03,Larissa Alves,RJ,5,cartao_credito,4,-22.25,-42.66
6626a5c61be7ea4a2fc03b3d,Modelagem preditiva,livros,85.76,2.1509010657,2021-12-03,Rafael Costa,RJ,5,cupom,1,-22.25,-42.66
6626a5c61be7ea4a2fc03b7b,Iniciando em programação,livros,60.51,0.0,2022-02-04,Larissa Alves,MT,5,boleto,1,-12.64,-55.42
6626a5c61be7ea4a2fc03b85,Modelagem preditiva,livros,104.17,6.2337512651,2023-02-04,Felipe Santos,SP,5,cartao_credito,3,-22.19,-48.79
6626a5c61be7ea4a2fc03b88,Modelagem preditiva,livros,91.35,5.3952172075,2023-02-04,Pedro Gomes,SP,2,cupom,1,-22.19,-48.79
6626a5c61be7ea4a2fc03b9a,Ciência de dados com python,livros,88.05,12.4904072277,2023-03-04,João Souza,SP,3,cartao_credito,10,-22.19,-48.79
6626a5c61be7ea4a2fc03bb1,Modelagem preditiva,livros,105.62,3.2083863188,2021-05-04,Bianca Santos,DF,5,cartao_credito,5,-15.83,-47.86
6626a5c61be7ea4a2fc03bc0,Modelagem preditiva,livros,75.34,1.5960674133,2021-06-04,Rafael Costa,MG,1,cartao_credito,1,-18.1,-44.38
6626a5c61be7ea4a2fc03bc7,Modelagem preditiva,livros,97.41,2.7712285178,2021-06-04,Thiago Silva,SP,5,boleto,1,-22.19,-48.79
6626a5c61be7ea4a2fc03bcb,Ciência de dados com python,livros,63.61,0.0,2022-06-04,Pedro Gomes,PR,5,cartao_credito,8,-24.89,-51.55
6626a5c61be7ea4a2fc03bd8,Iniciando em programação,livros,89.21,2.3346031867,2021-07-04,Beatriz Moraes,PR,5,cartao_credito,10,-24.89,-51.55
6626a5c61be7ea4a2fc03beb,Ciência de dados com python,livros,57.79,0.0,2020-08-04,Juliana Costa,BA,4,boleto,1,-13.29,-41.71
6626a5c61be7ea4a2fc03c08,Ciência de dados com python,livros,70.94,4.3036065734,2021-09-04,Thiago Silva,SP,3,cartao_credito,10,-22.19,-48.79
6626a5c61be7ea4a2fc03c22,Dashboards com Power BI,livros,43.28,0.0,2022-10-04,Thiago Silva,SP,1,cartao_credito,3,-22.19,-48.79
6626a5c61be7ea4a2fc03c37,Dashboards com Power BI,livros,41.97,10.0328273462,2022-11-04,Bianca Santos,SP,5,boleto,1,-22.19,-48.79
6626a5c61be7ea4a2fc03c3f,Ciência de dados com python,livros,50.73,2.9843457924,2022-11-04,Bruno Rodrigues,GO,1,cartao_credito,1,-15.98,-49.86
6626a5c61be7ea4a2fc03c53,Iniciando em programação,livros,46.11,0.0,2020-01-05,Lucas Oliveira,RS,4,boleto,1,-30.17,-53.5
6626a5c61be7ea4a2fc03c7f,Ciência de dados com python,livros,83.56,2.0337576842,2023-02-05,Larissa Alves,PE,4,cartao_credito,2,-8.38,-37.86
6626a5c61be7ea4a2fc03c89,Iniciando em programação,livros,80.4,4.5641840331,2020-03-05,Rafael Costa,MG,5,cartao_credito,2,-18.1,-44.38
6626a5c61be7ea4a2fc03c98,Modelagem preditiva,livros,102.27,3.0300088969,2023-03-05,Isabella Pereira,CE,1,cartao_credito,10,-5.2,-39.53
6626a5c61be7ea4a2fc03c9c,Modelagem preditiva,livros,68.09,1.2100267242,2023-03-05,Felipe Santos,SP,5,cartao_credito,10,-22.19,-48.79
6626a5c61be7ea4a2fc03cc7,Dashboards com Power BI,livros,47.02,2.7867994536,2022-05-05,Bruno Rodrigues,PE,5,cartao_credito,1,-8.38,-37.86
6626a5c61be7ea4a2fc03cca,Ciência de dados com python,livros,82.98,4.7072121749,2020-06-05,Pedro Gomes,MG,3,cartao_credito,1,-18.1,-44.38
6626a5c61be7ea4a2fc03ccf,Iniciando em programação,livros,59.43,0.0,2020-06-05,Felipe Santos,SP,5,cartao_credito,10,-22.19,-48.79
6626a5c61be7ea4a2fc03d16,Dashboards com Power BI,livros,51.25,0.0,2022-08-05,Beatriz Moraes,SP,5,cartao_credito,5,-22.19,-48.79
6626a5c61be7ea4a2fc03d1c,Ciência de dados com python,livros,66.91,4.5026040399,2020-09-05,Lucas Oliveira,RJ,5,boleto,1,-22.25,-42.66
6626a5c61be7ea4a2fc03d22,Dashboards com Power BI,livros,53.0,3.3531950797,2020-09-05,Beatriz Moraes,SP,5,cartao_credito,2,-22.19,-48.79
6626a5c61be7ea4a2fc03d28,Modelagem preditiva,livros,98.2,2.8132936411,2021-09-05,Felipe Santos,SP,5,cupom,1,-22.19,-48.79
6626a5c61be7ea4a2fc03d2a,Iniciando em programação,livros,61.07,3.540570589,2021-09-05,Bruno Rodrigues,CE,5,cartao_credito,2,-5.2,-39.53
6626a5c61be7ea4a2fc03d33,Ciência de dados com python,livros,59.0,0.0,2022-09-05,Felipe Santos,RJ,4,cartao_credito,8,-22.25,-42.66
6626a5c61be7ea4a2fc03d3f,Ciência de dados com python,livros,77.26,1.6983016371,2021-10-05,Felipe Santos,RJ,1,cartao_credito,4,-22.25,-42.66
6626a5c61be7ea4a2fc03d43,Modelagem preditiva,livros,66.38,3.8233121144,2021-10-05,Isabella Pereira,MA,3,cartao_credito,5,-5.42,-45.44
6626a5c61be7ea4a2fc03d46,Iniciando em programação,livros,75.81,1.6210934993,2021-10-05,Felipe Santos,SP,4,boleto,1,-22.19,-48.79
6626a5c61be7ea4a2fc03d4e,Ciência de dados com python,livros,86.59,4.8994338145,2022-10-05,João Souza,SP,5,cartao_credito,1,-22.19,-48.79
6626a5c61be7ea4a2fc03d64,Iniciando em programação,livros,63.01,3.8861974656,2022-11-05,Juliana Costa,SP,3,cartao_credito,3,-22.19,-48.79
6626a5c61be7ea4a2fc03d65,Ciência de dados com python,livros,52.92,3.7062459703,2022-11-05,Beatriz Moraes,RJ,3,cartao_credito,4,-22.25,-42.66
6626a5c61be7ea4a2fc03d7c,Modelagem preditiva,livros,87.49,2.2430183611,2021-12-05,Lucas Oliveira,SP,5,cartao_credito,8,-22.19,-48.79
6626a5c61be7ea4a2fc03d92,Ciência de dados com python,livros,63.46,6.5428704095,2021-01-06,Juliana Costa,SP,4,boleto,1,-22.19,-48.79
6626a5c61be7ea4a2fc03d97,Iniciando em programação,livros,88.47,4.9995381587,2021-01-06,Thiago Silva,MG,5,cartao_credito,8,-18.1,-44.38
6626a5c61be7ea4a2fc03d9b,Modelagem preditiva,livros,93.15,2.5443963336,2022-01-06,Bianca Santos,RJ,5,cartao_credito,2,-22.25,-42.66
6626a5c61be7ea4a2fc03dae,Modelagem preditiva,livros,91.05,2.4325776512,2020-02-06,Lucas Oliveira,PR,5,cartao_credito,3,-24.89,-51.55
6626a5c61be7ea4a2fc03db4,Dashboards com Power BI,livros,38.14,0.0,2020-02-06,Pedro Gomes,SP,4,cartao_credito,3,-22.19,-48.79
6626a5c61be7ea4a2fc03dc3,Dashboards com Power BI,livros,46.28,2.7530475833,2021-02-06,Juliana Costa,SP,5,cartao_credito,1,-22.19,-48.79
6626a5c61be7ea4a2fc03dc4,Dashboards com Power BI,livros,46.07,0.0,2022-02-06,Larissa Alves,PE,5,cartao_credito,1,-8.38,-37.86
6626a5c61be7ea4a2fc03dd4,Dashboards com Power BI,livros,44.51,0.0,2020-03-06,Rafael Costa,SC,3,cartao_credito,10,-27.45,-50.95
6626a5c61be7ea4a2fc03dec,Dashboards com Power BI,livros,45.83,0.0,2023-03-06,Pedro Gomes,RJ,2,cartao_credito,7,-22.25,-42.66
6626a5c61be7ea4a2fc03df0,Ciência de dados com python,livros,64.18,10.9729722065,2020-04-06,Pedro Gomes,SP,5,cartao_credito,8,-22.19,-48.79
6626a5c61be7ea4a2fc03df5,Dashboards com Power BI,livros,40.71,0.0,2020-04-06,Larissa Alves,PE,5,cartao_credito,8,-8.38,-37.86
6626a5c61be7ea4a2fc03df9,Iniciando em programação,livros,41.11,2.7200883497,2021-04-06,Isabella Pereira,ES,4,cartao_credito,5,-19.19,-40.34
6626a5c61be7ea4a2fc03e01,Ciência de dados com python,livros,79.17,1.8000033911,2022-04-06,Isabella Pereira,SP,5,cartao_credito,3,-22.19,-48.79
6626a5c61be7ea4a2fc03e02,Modelagem preditiva,livros,94.84,5.5762096725,2022-04-06,Juliana Costa,SP,3,cartao_credito,1,-22.19,-48.79
6626a5c61be7ea4a2fc03e04,Dashboards com Power BI,livros,52.31,5.9491664532,2022-04-06,Bruno Rodrigues,SP,5,boleto,1,-22.19,-48.79
6626a5c61be7ea4a2fc03e57,Modelagem preditiva,livros,87.27,5.1779694817,2021-08-06,Isabella Pereira,BA,5,cartao_credito,10,-13.29,-41.71
6626a5c61be7ea4a2fc03e67,Iniciando em programação,livros,69.15,4.5704446439,2020-09-06,Bianca Santos,MG,1,cartao_credito,2,-18.1,-44.38
6626a5c61be7ea4a2fc03e6d,Dashboards com Power BI,livros,48.51,0.0,2021-09-06,Felipe Santos,SP,4,cartao_credito,2,-22.19,-48.79
6626a5c61be7ea4a2fc03e76,Dashboards com Power BI,livros,55.51,3.4868450286,2022-09-06,Bruno Rodrigues,CE,5,cartao_credito,3,-5.2,-39.53
6626a5c61be7ea4a2fc03e7b,Ciência de dados com python,livros,92.0,6.2978385734,2020-10-06,Beatriz Moraes,GO,4,cupom,1,-15.98,-49.86
6626a5c61be7ea4a2fc03e7d,Dashboards com Power BI,livros,59.46,12.2604524853,2020-10-06,Juliana Costa,PR,5,cartao_credito,1,-24.89,-51.55
6626a5c61be7ea4a2fc03e8d,Dashboards com Power BI,livros,59.19,3.6779544221,2020-11-06,Larissa Alves,RS,5,cartao_credito,1,-30.17,-53.5
6626a5c61be7ea4a2fc03e98,Ciência de dados com python,livros,66.03,11.0714791409,2021-11-06,Bianca Santos,PR,5,cartao_credito,10,-24.89,-51.55
6626a5c61be7ea4a2fc03ec8,Iniciando em programação,livros,70.62,4.2914070717,2022-12-06,Larissa Alves,SP,5,cartao_credito,10,-22.19,-48.79
6626a5c61be7ea4a2fc03edc,Ciência de dados com python,livros,58.99,0.0,2021-01-07,Pedro Gomes,SP,5,cartao_credito,1,-22.19,-48.79
6626a5c61be7ea4a2fc03eee,Ciência de dados com python,livros,56.82,0.0,2023-01-07,Bianca Santos,RJ,2,cartao_credito,1,-22.25,-42.66
6626a5c61be7ea4a2fc03efc,Iniciando em programação,livros,76.05,4.580538236,2021-02-07,Larissa Alves,SP,4,cartao_credito,1,-22.19,-48.79
6626a5c61be7ea4a2fc03f2f,Iniciando em programação,livros,85.55,2.1397191975,2020-04-07,Thiago Silva,SP,1,cartao_credito,7,-22.19,-48.79
6626a5c61be7ea4a2fc03f47,Modelagem preditiva,livros,83.01,2.0044718388,2021-05-07,João Souza,SP,1,cartao_credito,3,-22.19,-48.79
6626a5c61be7ea4a2fc03f59,Modelagem preditiva,livros,101.63,5.6946176647,2021-06-07,Isabella Pereira,SP,5,boleto,1,-22.19,-48.79
6626a5c61be7ea4a2fc03f63,Modelagem preditiva,livros,97.44,2.7728259275,2020-07-07,Bruno Rodrigues,RS,1,boleto,1,-30.17,-53.5
6626a5c61be7ea4a2fc03f9e,Iniciando em programação,livros,65.35,1.0641299672,2022-09-07,Bianca Santos,BA,4,cartao_debito,1,-13.29,-41.71
6626a5c61be7ea4a2fc03fa1,Dashboards com Power BI,livros,35.37,0.0,2020-10-07,Bianca Santos,RS,1,cartao_credito,2,-30.17,-53.5
6626a5c61be7ea4a2fc03fab,Modelagem preditiva,livros,92.04,2.4852921729,2021-10-07,Beatriz Moraes,RJ,4,cartao_credito,1,-22.25,-42.66
6626a5c61be7ea4a2fc03fac,Ciência de dados com python,livros,83.49,2.0300303948,2022-10-07,Pedro Gomes,SP,1,cartao_credito,1,-22.19,-48.79
6626a5c61be7ea4a2fc03fad,Iniciando em programação,livros,59.31,3.6891835967,2022-10-07,Beatriz Moraes,PR,5,cartao_credito,2,-24.89,-51.55
6626a5c61be7ea4a2fc03fd0,Ciência de dados com python,livros,82.17,1.9597443659,2021-12-07,Pedro Gomes,SP,4,cartao_credito,1,-22.19,-48.79
6626a5c61be7ea4a2fc03fd8,Ciência de dados com python,livros,86.71,4.90017255,2022-12-07,Thiago Silva,SP,5,cartao_credito,3,-22.19,-48.79
6626a5c61be7ea4a2fc03fdf,Modelagem preditiva,livros,100.64,2.9432163006,2020-01-08,João Souza,SP,4,boleto,1,-22.19,-48.79
6626a5c61be7ea4a2fc03fe1,Dashboards com Power BI,livros,54.04,6.0412837486,2021-01-08,Mariana Ferreira,PI,4,cartao_credito,7,-6.6,-42.28
6626a5c61be7ea4a2fc03fe3,Iniciando em programação,livros,54.49,6.0652448948,2021-01-08,Rafael Costa,SP,5,cartao_credito,7,-22.19,-48.79
6626a5c61be7ea4a2fc03fea,Iniciando em programação,livros,67.85,3.8959342885,2022-01-08,Rafael Costa,MG,4,cartao_credito,2,-18.1,-44.38
6626a5c61be7ea4a2fc03fee,Iniciando em programação,livros,86.64,5.144423877,2022-01-08,Isabella Pereira,SC,5,cartao_credito,1,-27.45,-50.95
6626a5c61be7ea4a2fc03ff2,Modelagem preditiva,livros,97.21,2.7605791195,2022-01-08,Rafael Costa,SP,5,cartao_credito,2,-22.19,-48.79
6626a5c61be7ea4a2fc03ff4,Iniciando em programação,livros,68.04,11.4249349259,2022-01-08,João Souza,PR,5,boleto,1,-24.89,-51.55
6626a5c61be7ea4a2fc03fff,Dashboards com Power BI,livros,41.45,2.8940999522,2020-02-08,Lucas Oliveira,SP,5,cartao_credito,1,-22.19,-48.79
6626a5c61be7ea4a2fc04000,Iniciando em programação,livros,87.5,10.9010471513,2020-02-08,Camila Ribeiro,SP,5,cartao_credito,7,-22.19,-48.79
6626a5c61be7ea4a2fc04010,Ciência de dados com python,livros,55.06,0.0,2022-02-08,Bianca Santos,PR,4,boleto,1,-24.89,-51.55
6626a5c61be7ea4a2fc04032,Ciência de dados com python,livros,62.93,0.0,2022-03-08,Mariana Ferreira,SP,5,cartao_credito,5,-22.19,-48.79
6626a5c61be7ea4a2fc0403a,Iniciando em programação,livros,71.45,1.3889366159,2023-03-08,Isabella Pereira,SP,5,cartao_debito,1,-22.19,-48.79
6626a5c61be7ea4a2fc0404d,Dashboards com Power BI,livros,58.54,4.005494063,2020-04-08,Camila Ribeiro,SP,5,cartao_credito,1,-22.19,-48.79
6626a5c61be7ea4a2fc04057,Dashboards com Power BI,livros,58.62,3.6524431725,2021-04-08,Larissa Alves,GO,3,cartao_credito,1,-15.98,-49.86
6626a5c61be7ea4a2fc0405a,Ciência de dados com python,livros,52.36,3.676427655,2022-04-08,Rafael Costa,SP,5,cartao_credito,3,-22.19,-48.79
6626a5c61be7ea4a2fc0405b,Modelagem preditiva,livros,102.79,5.7563841749,2022-04-08,Lucas Oliveira,SP,4,cupom,1,-22.19,-48.79
6626a5c61be7ea4a2fc04062,Iniciando em programação,livros,47.99,8.9349374919,2020-05-08,Thiago Silva,MG,5,cartao_credito,4,-18.1,-44.38
6626a5c61be7ea4a2fc04066,Modelagem preditiva,livros,91.21,5.1397840122,2020-05-08,Mariana Ferreira,SP,4,cartao_credito,8,-22.19,-48.79
6626a5c61be7ea4a2fc0407d,Dashboards com Power BI,livros,59.43,0.0,2020-06-08,Juliana Costa,DF,4,cupom,1,-15.83,-47.86
6626a5c61be7ea4a2fc0408b,Ciência de dados com python,livros,75.31,1.5944700035,2022-06-08,João Souza,MG,5,cartao_debito,1,-18.1,-44.38
6626a5c61be7ea4a2fc0408d,Dashboards com Power BI,livros,43.97,0.0,2022-06-08,Felipe Santos,SP,5,cupom,1,-22.19,-48.79
6626a5c61be7ea4a2fc0408e,Iniciando em programação,livros,51.68,3.2829090508,2020-07-08,Felipe Santos,RS,4,boleto,1,-30.17,-53.5
6626a5c61be7ea4a2fc04090,Modelagem preditiva,livros,107.4,3.3031659638,2020-07-08,Lucas Oliveira,SP,5,cartao_credito,2,-22.19,-48.79
6626a5c61be7ea4a2fc040a0,Ciência de dados com python,livros,63.42,4.0639363576,2022-07-08,Rafael Costa,MG,5,cartao_credito,3,-18.1,-44.38
6626a5c61be7ea4a2fc040a7,Iniciando em programação,livros,76.52,4.3575857057,2022-07-08,Beatriz Moraes,SP,5,boleto,1,-22.19,-48.79
6626a5c61be7ea4a2fc040d0,Iniciando em programação,livros,78.44,4.4598199295,2020-10-08,João Souza,MT,4,cartao_credito,3,-12.64,-55.42
6626a5c61be7ea4a2fc040d3,Iniciando em programação,livros,54.71,3.8015580852,2020-10-08,Bianca Santos,SP,1,cartao_credito,10,-22.19,-48.79
6626a5c61be7ea4a2fc040e2,Modelagem preditiva,livros,63.16,0.0,2020-11-08,Bianca Santos,SP,4,cartao_credito,1,-22.19,-48.79
6626a5c61be7ea4a2fc040e5,Dashboards com Power BI,livros,52.86,9.194250341,2020-11-08,Bianca Santos,SP,5,cartao_credito,10,-22.19,-48.79
6626a5c61be7ea4a2fc04100,Modelagem preditiva,livros,101.02,5.6621369998,2021-12-08,Isabella Pereira,SP,4,cartao_credito,4,-22.19,-48.79
6626a5c61be7ea4a2fc04123,Ciência de dados com python,livros,55.22,0.0,2023-01-09,Bruno Rodrigues,MG,4,cartao_credito,3,-18.1,-44.38
6626a5c61be7ea4a2fc0412c,Iniciando em programação,livros,41.91,3.1714292499,2021-02-09,João Souza,MG,5,cartao_credito,3,-18.1,-44.38
6626a5c61be7ea4a2fc0413b,Ciência de dados com python,livros,78.93,1.7872241131,2022-02-09,Lucas Oliveira,DF,5,cartao_credito,1,-15.83,-47.86
6626a5c61be7ea4a2fc04142,Iniciando em programação,livros,40.63,2.6945297937,2023-02-09,Mariana Ferreira,MG,3,cartao_credito,10,-18.1,-44.38
6626a5c61be7ea4a2fc0417e,Dashboards com Power BI,livros,51.18,3.4121931805,2021-04-09,Thiago Silva,BA,1,cartao_credito,3,-13.29,-41.71
6626a5c61be7ea4a2fc0418c,Dashboards com Power BI,livros,54.74,0.0,2020-05-09,Mariana Ferreira,SP,4,cartao_credito,1,-22.19,-48.79
6626a5c61be7ea4a2fc041b6,Iniciando em programação,livros,68.41,1.2270657615,2020-07-09,Camila Ribeiro,TO,3,cupom,1,-9.46,-48.26
6626a5c61be7ea4a2fc041b9,Modelagem preditiva,livros,95.23,6.4698263563,2021-07-09,Camila Ribeiro,SP,1,cartao_credito,4,-22.19,-48.79
6626a5c61be7ea4a2fc041ce,Modelagem preditiva,livros,75.7,11.8328068815,2021-08-09,Bruno Rodrigues,RJ,3,cartao_credito,1,-22.25,-42.66
6626a5c61be7ea4a2fc041cf,Ciência de dados com python,livros,91.53,11.1156325274,2021-08-09,Mariana Ferreira,PE,5,cartao_credito,1,-8.38,-37.86
6626a5c61be7ea4a2fc041d6,Modelagem preditiva,livros,70.2,4.4249509606,2022-08-09,Thiago Silva,MG,5,cartao_credito,1,-18.1,-44.38
6626a5c61be7ea4a2fc041da,Iniciando em programação,livros,55.68,0.0,2022-08-09,Rafael Costa,SP,5,cupom,1,-22.19,-48.79
6626a5c61be7ea4a2fc041db,Modelagem preditiva,livros,91.39,2.4506816284,2020-09-09,Juliana Costa,PR,5,cartao_credito,2,-24.89,-51.55
6626a5c61be7ea4a2fc041f9,Modelagem preditiva,livros,67.63,4.1321985668,2020-10-09,Rafael Costa,SC,5,cartao_credito,1,-27.45,-50.95
6626a5c61be7ea4a2fc0420f,Modelagem preditiva,livros,70.03,4.2599913466,2020-11-09,Lucas Oliveira,RJ,1,boleto,1,-22.25,-42.66
6626a5c61be7ea4a2fc04210,Modelagem preditiva,livros,88.02,4.969926109,2020-11-09,Lucas Oliveira,RJ,5,cupom,1,-22.25,-42.66
6626a5c61be7ea4a2fc04216,Modelagem preditiva,livros,98.44,2.8260729191,2022-11-09,Larissa Alves,RS,5,cartao_credito,2,-30.17,-53.5
6626a5c61be7ea4a2fc0422d,Iniciando em programação,livros,65.5,1.0721170159,2021-12-09,Mariana Ferreira,SC,5,cartao_credito,3,-27.45,-50.95
6626a5c61be7ea4a2fc04232,Ciência de dados com python,livros,75.13,4.5315510038,2022-12-09,Pedro Gomes,SC,4,cartao_credito,10,-27.45,-50.95
6626a5c61be7ea4a2fc0423f,Dashboards com Power BI,livros,36.39,3.3367733707,2021-01-10,Bianca Santos,MG,5,cartao_credito,3,-18.1,-44.38
6626a5c61be7ea4a2fc04242,Modelagem preditiva,livros,91.2,2.4405647,2021-01-10,Thiago Silva,SP,5,boleto,1,-22.19,-48.79
6626a5c61be7ea4a2fc04258,Iniciando em programação,livros,87.98,5.6245181528,2020-02-10,Felipe Santos,SP,5,cartao_credito,4,-22.19,-48.79
6626a5c61be7ea4a2fc0425f,Ciência de dados com python,livros,88.38,4.9947459295,2021-02-10,Bruno Rodrigues,ES,5,boleto,1,-19.19,-40.34
6626a5c61be7ea4a2fc0427b,Dashboards com Power BI,livros,45.17,0.0,2020-03-10,Larissa Alves,MG,5,cartao_credito,2,-18.1,-44.38
6626a5c61be7ea4a2fc0427c,Dashboards com Power BI,livros,52.91,0.0,2020-03-10,Pedro Gomes,BA,5,boleto,1,-13.29,-41.71
6626a5c61be7ea4a2fc0427d,Modelagem preditiva,livros,70.63,4.0439609252,2020-03-10,Thiago Silva,RS,1,cartao_credito,10,-30.17,-53.5
6626a5c61be7ea4a2fc0428c,Iniciando em programação,livros,64.99,3.7436478926,2022-03-10,Camila Ribeiro,SP,1,cartao_credito,2,-22.19,-48.79
6626a5c61be7ea4a2fc0428f,Dashboards com Power BI,livros,38.92,5.2361892357,2022-03-10,Thiago Silva,SP,5,cartao_credito,1,-22.19,-48.79
6626a5c61be7ea4a2fc0429a,Ciência de dados com python,livros,72.96,1.4693395733,2023-03-10,Bruno Rodrigues,SP,2,cartao_credito,2,-22.19,-48.79
6626a5c61be7ea4a2fc0429e,Ciência de dados com python,livros,62.19,0.0,2020-04-10,Rafael Costa,RJ,5,cartao_credito,3,-22.25,-42.66
6626a5c61be7ea4a2fc042ab,Dashboards com Power BI,livros,40.09,2.6609368826,2021-04-10,Thiago Silva,ES,5,cartao_credito,4,-19.19,-40.34
6626a5c61be7ea4a2fc042b0,Iniciando em programação,livros,82.76,1.9911600909,2022-04-10,Rafael Costa,SP,5,cartao_credito,6,-22.19,-48.79
6626a5c61be7ea4a2fc042c8,Ciência de dados com python,livros,81.5,1.9240688815,2021-05-10,Camila Ribeiro,GO,5,cartao_credito,2,-15.98,-49.86
6626a5c61be7ea4a2fc042d2,Dashboards com Power BI,livros,35.75,0.0,2022-05-10,Lucas Oliveira,ES,2,cartao_credito,4,-19.19,-40.34
6626a5c61be7ea4a2fc042d8,Modelagem preditiva,livros,67.78,1.1935201568,2020-06-10,Camila Ribeiro,SP,1,boleto,1,-22.19,-48.79
6626a5c61be7ea4a2fc042df,Modelagem preditiva,livros,75.19,1.5880803645,2021-06-10,Isabella Pereira,SP,5,boleto,1,-22.19,-48.79
6626a5c61be7ea4a2fc042e9,Modelagem preditiva,livros,71.33,4.0812338193,2021-07-10,Juliana Costa,SP,5,cartao_credito,1,-22.19,-48.79
6626a5c61be7ea4a2fc042f2,Ciência de dados com python,livros,94.93,2.6391759786,2022-07-10,Larissa Alves,DF,2,boleto,1,-15.83,-47.86
6626a5c61be7ea4a2fc042f6,Ciência de dados com python,livros,73.49,1.4975604788,2022-07-10,Bianca Santos,SP,5,cartao_credito,1,-22.19,-48.79
6626a5c61be7ea4a2fc042fa,Dashboards com Power BI,livros,46.91,0.0,2022-07-10,Juliana Costa,ES,5,cartao_credito,2,-19.19,-40.34
6626a5c61be7ea4a2fc04305,Iniciando em programação,livros,75.8,4.3192478717,2022-08-10,Isabella Pereira,MS,2,boleto,1,-20.51,-54.54
6626a5c61be7ea4a2fc04308,Modelagem preditiva,livros,106.3,6.1912597318,2022-08-10,Isabella Pereira,SC,1,cartao_credito,1,-27.45,-50.95
6626a5c61be7ea4a2fc04313,Iniciando em programação,livros,87.31,2.2334339027,2020-09-10,Beatriz Moraes,RJ,5,boleto,1,-22.25,-42.66
6626a5c61be7ea4a2fc0431d,Iniciando em programação,livros,70.71,1.3495338422,2021-09-10,Pedro Gomes,MG,1,cartao_credito,3,-18.1,-44.38
6626a5c61be7ea4a2fc04329,Iniciando em programação,livros,52.73,0.0,2021-10-10,Beatriz Moraes,MS,4,cartao_credito,2,-20.51,-54.54
6626a5c61be7ea4a2fc04331,Ciência de dados com python,livros,50.65,8.938895511,2021-10-10,Felipe Santos,SP,5,cartao_credito,1,-22.19,-48.79
6626a5c61be7ea4a2fc0433f,Iniciando em programação,livros,42.19,5.4103068982,2020-11-10,Isabella Pereira,SP,3,boleto,1,-22.19,-48.79
6626a5c61be7ea4a2fc04349,Dashboards com Power BI,livros,51.53,0.0,2021-11-10,João Souza,DF,4,cartao_credito,2,-15.83,-47.86
6626a5c61be7ea4a2fc04352,Dashboards com Power BI,livros,44.24,0.0,2022-11-10,Larissa Alves,SP,5,boleto,1,-22.19,-48.79
6626a5c61be7ea4a2fc04355,Ciência de dados com python,livros,67.12,1.1583771423,2022-11-10,Bruno Rodrigues,MG,1,cartao_credito,3,-18.1,-44.38
6626a5c61be7ea4a2fc0435d,Dashboards com Power BI,livros,40.13,0.0,2020-12-10,Beatriz Moraes,RJ,5,cartao_credito,6,-22.25,-42.66
6626a5c61be7ea4a2fc04373,Ciência de dados com python,livros,61.12,6.4182724491,2022-12-10,Felipe Santos,PA,1,boleto,1,-3.79,-52.48
6626a5c61be7ea4a2fc04379,Ciência de dados com python,livros,57.43,0.0,2022-12-10,Mariana Ferreira,RJ,1,cartao_credito,10,-22.25,-42.66
6626a5c61be7ea4a2fc0437f,Ciência de dados com python,livros,66.11,4.4600064466,2020-01-11,Camila Ribeiro,RJ,1,cartao_credito,1,-22.25,-42.66
6626a5c61be7ea4a2fc0438c,Dashboards com Power BI,livros,40.33,0.0,2023-01-11,Rafael Costa,SP,5,cartao_credito,5,-22.19,-48.79
6626a5c61be7ea4a2fc0438e,Iniciando em programação,livros,84.44,2.0806150368,2023-01-11,Camila Ribeiro,SP,5,cartao_credito,1,-22.19,-48.79
6626a5c61be7ea4a2fc0438f,Dashboards com Power BI,livros,56.23,3.2828551497,2023-01-11,Beatriz Moraes,MG,4,cartao_credito,5,-18.1,-44.38
6626a5c61be7ea4a2fc0439f,Modelagem preditiva,livros,91.39,2.4506816284,2020-02-11,Felipe Santos,SP,1,boleto,1,-22.19,-48.79
6626a5c61be7ea4a2fc043b2,Iniciando em programação,livros,86.9,11.0067779349,2022-02-11,Bruno Rodrigues,BA,5,cartao_credito,4,-13.29,-41.71
6626a5c61be7ea4a2fc043bd,Dashboards com Power BI,livros,45.7,0.0,2020-03-11,Larissa Alves,SP,5,cartao_credito,4,-22.19,-48.79
6626a5c61be7ea4a2fc043c2,Iniciando em programação,livros,72.17,4.1259612922,2020-03-11,Isabella Pereira,RJ,5,boleto,1,-22.25,-42.66
6626a5c61be7ea4a2fc043ce,Ciência de dados com python,livros,56.5,3.9483028573,2022-03-11,Camila Ribeiro,MG,4,cartao_credito,3,-18.1,-44.38
6626a5c61be7ea4a2fc043cf,Dashboards com Power BI,livros,50.06,3.1966489244,2022-03-11,Beatriz Moraes,RS,5,cartao_credito,4,-30.17,-53.5
6626a5c61be7ea4a2fc043d3,Modelagem preditiva,livros,87.93,2.2664470375,2022-03-11,Mariana Ferreira,SC,5,cartao_credito,2,-27.45,-50.95
6626a5c61be7ea4a2fc043d4,Modelagem preditiva,livros,62.0,3.5844393877,2023-03-11,Pedro Gomes,SP,4,cartao_credito,3,-22.19,-48.79
6626a5c61be7ea4a2fc043d5,Modelagem preditiva,livros,97.99,2.8021117729,2023-03-11,João Souza,SC,1,boleto,1,-27.45,-50.95
6626a5c61be7ea4a2fc043ff,Dashboards com Power BI,livros,40.84,5.3384234596,2021-05-11,Beatriz Moraes,SP,5,cartao_credito,5,-22.19,-48.79
6626a5c61be7ea4a2fc04400,Ciência de dados com python,livros,81.33,4.8568428161,2021-05-11,Beatriz Moraes,DF,5,cartao_credito,1,-15.83,-47.86
6626a5c61be7ea4a2fc0441c,Iniciando em programação,livros,82.16,7.5385891523,2020-07-11,Juliana Costa,PA,1,boleto,1,-3.79,-52.48
6626a5c61be7ea4a2fc04424,Modelagem preditiva,livros,71.85,10.2054107114,2020-07-11,Bruno Rodrigues,MG,5,cartao_credito,3,-18.1,-44.38
6626a5c61be7ea4a2fc04447,Modelagem preditiva,livros,84.54,5.0326051947,2022-08-11,Thiago Silva,SP,1,cartao_credito,3,-22.19,-48.79
6626a5c61be7ea4a2fc0444f,Dashboards com Power BI,livros,42.66,0.0,2020-09-11,Camila Ribeiro,ES,5,boleto,1,-19.19,-40.34
6626a5c61be7ea4a2fc0445d,Iniciando em programação,livros,52.77,0.0,2021-09-11,Mariana Ferreira,SP,3,cartao_credito,1,-22.19,-48.79
6626a5c61be7ea4a2fc04467,Ciência de dados com python,livros,89.51,5.2972427429,2022-09-11,Thiago Silva,CE,5,cartao_credito,2,-5.2,-39.53
6626a5c61be7ea4a2fc0446e,Iniciando em programação,livros,73.22,4.1875215369,2020-10-11,Larissa Alves,SP,5,boleto,1,-22.19,-48.79
6626a5c61be7ea4a2fc04477,Iniciando em programação,livros,70.49,1.337819504,2021-10-11,Bruno Rodrigues,SP,3,cartao_credito,3,-22.19,-48.79
6626a5c61be7ea4a2fc04479,Iniciando em programação,livros,55.98,3.2695434018,2021-10-11,Beatriz Moraes,RJ,3,boleto,1,-22.25,-42.66
6626a5c61be7ea4a2fc04488,Ciência de dados com python,livros,63.92,11.2015988117,2020-11-11,João Souza,PE,5,cartao_credito,8,-8.38,-37.86
6626a5c61be7ea4a2fc0448a,Modelagem preditiva,livros,95.85,2.6881632109,2020-11-11,Larissa Alves,DF,5,cartao_credito,1,-15.83,-47.86
6626a5c61be7ea4a2fc0448c,Iniciando em programação,livros,75.38,4.2968841353,2021-11-11,Lucas Oliveira,SP,4,cupom,1,-22.19,-48.79
6626a5c61be7ea4a2fc04494,Modelagem preditiva,livros,61.84,3.9798061109,2022-11-11,Rafael Costa,RJ,5,cartao_credito,6,-22.25,-42.66
6626a5c61be7ea4a2fc0449b,Iniciando em programação,livros,84.63,5.0373974239,2022-11-11,Felipe Santos,ES,5,cartao_credito,1,-19.19,-40.34
6626a5c61be7ea4a2fc044b0,Modelagem preditiva,livros,104.25,7.2037932262,2021-12-11,Camila Ribeiro,RS,4,cartao_credito,3,-30.17,-53.5
6626a5c61be7ea4a2fc044b3,Dashboards com Power BI,livros,39.71,3.5135533828,2022-12-11,Camila Ribeiro,PR,4,boleto,1,-24.89,-51.55
6626a5c61be7ea4a2fc044c8,Ciência de dados com python,livros,81.04,1.8995752654,2021-01-12,Pedro Gomes,RJ,5,cupom,1,-22.25,-42.66
6626a5c61be7ea4a2fc044e4,Modelagem preditiva,livros,64.66,3.7317272888,2021-02-12,Pedro Gomes,SP,1,cupom,1,-22.19,-48.79
6626a5c61be7ea4a2fc044f1,Iniciando em programação,livros,64.77,1.0332467121,2022-02-12,Bianca Santos,MG,5,cartao_credito,1,-18.1,-44.38
6626a5c61be7ea4a2fc04500,Modelagem preditiva,livros,107.7,3.3191400613,2023-02-12,Camila Ribeiro,MG,2,cartao_credito,10,-18.1,-44.38
6626a5c61be7ea4a2fc04505,Modelagem preditiva,livros,67.23,1.1642343114,2020-03-12,Thiago Silva,SP,1,cartao_credito,3,-22.19,-48.79
6626a5c61be7ea4a2fc04506,Ciência de dados com python,livros,51.35,3.2653375436,2020-03-12,João Souza,RJ,4,cartao_credito,10,-22.25,-42.66
6626a5c61be7ea4a2fc04509,Dashboards com Power BI,livros,50.93,0.0,2020-03-12,Isabella Pereira,SP,5,cartao_credito,1,-22.19,-48.79
6626a5c61be7ea4a2fc04517,Modelagem preditiva,livros,60.34,3.4960493816,2023-03-12,Camila Ribeiro,SP,5,cartao_credito,3,-22.19,-48.79
6626a5c61be7ea4a2fc0451f,Ciência de dados com python,livros,92.38,2.5033961501,2023-03-12,Bianca Santos,RJ,5,cartao_credito,1,-22.25,-42.66
6626a5c61be7ea4a2fc04524,Modelagem preditiva,livros,81.06,1.9006402052,2020-04-12,Bianca Santos,SP,5,cartao_credito,10,-22.19,-48.79
6626a5c61be7ea4a2fc0452c,Ciência de dados com python,livros,86.69,5.1470862266,2022-04-12,Camila Ribeiro,MG,5,cartao_credito,10,-18.1,-44.38
6626a5c61be7ea4a2fc04544,Ciência de dados com python,livros,56.26,6.15949207,2021-05-12,Lucas Oliveira,RS,1,cartao_credito,2,-30.17,-53.5
6626a5c61be7ea4a2fc0454d,Dashboards com Power BI,livros,50.59,12.5510584307,2022-05-12,Bianca Santos,SP,4,boleto,1,-22.19,-48.79
6626a5c61be7ea4a2fc04550,Iniciando em programação,livros,79.8,4.7802144545,2020-06-12,Camila Ribeiro,SC,5,cartao_credito,3,-27.45,-50.95
6626a5c61be7ea4a2fc0455b,Modelagem preditiva,livros,83.4,4.7239250079,2022-06-12,Pedro Gomes,SC,5,cartao_credito,4,-27.45,-50.95
6626a5c61be7ea4a2fc04568,Iniciando em programação,livros,74.67,4.2647296747,2020-07-12,Pedro Gomes,SP,1,cartao_credito,8,-22.19,-48.79
6626a5c61be7ea4a2fc04591,Modelagem preditiva,livros,87.61,7.8287852565,2022-08-12,Camila Ribeiro,SP,5,cartao_credito,1,-22.19,-48.79
6626a5c61be7ea4a2fc045a0,Ciência de dados com python,livros,60.56,0.0,2020-09-12,Larissa Alves,SP,4,cartao_credito,3,-22.19,-48.79
6626a5c61be7ea4a2fc045a4,Iniciando em programação,livros,55.85,3.5049490058,2021-09-12,Beatriz Moraes,SP,3,cartao_credito,4,-22.19,-48.79
6626a5c61be7ea4a2fc045c9,Modelagem preditiva,livros,74.29,1.5401580721,2020-11-12,João Souza,SP,5,cartao_credito,1,-22.19,-48.79
6626a5c61be7ea4a2fc045d5,Iniciando em programação,livros,44.94,3.7920351489,2021-11-12,Bianca Santos,RJ,3,cartao_credito,4,-22.25,-42.66
6626a5c61be7ea4a2fc045fc,Dashboards com Power BI,livros,54.47,3.4314681574,2021-01-13,Lucas Oliveira,SP,4,boleto,1,-22.19,-48.79
6626a5c61be7ea4a2fc04606,Modelagem preditiva,livros,67.46,1.1764811195,2020-02-13,Mariana Ferreira,BA,1,cartao_credito,4,-13.29,-41.71
6626a5c61be7ea4a2fc0461c,Iniciando em programação,livros,78.23,4.6966166777,2023-02-13,Rafael Costa,SP,1,cartao_credito,3,-22.19,-48.79
6626a5c61be7ea4a2fc04625,Dashboards com Power BI,livros,53.4,0.0,2023-02-13,Mariana Ferreira,MG,4,boleto,1,-18.1,-44.38
6626a5c61be7ea4a2fc0462d,Modelagem preditiva,livros,87.82,2.2605898684,2020-03-13,Lucas Oliveira,SP,4,cartao_debito,1,-22.19,-48.79
6626a5c61be7ea4a2fc04633,Dashboards com Power BI,livros,48.41,0.0,2021-03-13,Isabella Pereira,RJ,5,cartao_credito,2,-22.25,-42.66
6626a5c61be7ea4a2fc04636,Modelagem preditiva,livros,98.22,2.814358581,2022-03-13,Mariana Ferreira,SP,4,cartao_credito,2,-22.19,-48.79
6626a5c61be7ea4a2fc0463d,Modelagem preditiva,livros,68.43,1.2281307013,2022-03-13,Beatriz Moraes,SP,5,cartao_credito,1,-22.19,-48.79
6626a5c61be7ea4a2fc04652,Dashboards com Power BI,livros,45.31,3.0996333398,2020-04-13,Bruno Rodrigues,MG,1,cartao_credito,2,-18.1,-44.38
6626a5c61be7ea4a2fc0466a,Dashboards com Power BI,livros,35.93,2.4442689332,2020-05-13,Rafael Costa,SP,4,cartao_credito,2,-22.19,-48.79
6626a5c61be7ea4a2fc04684,Dashboards com Power BI,livros,43.94,8.5816081974,2021-06-13,Bianca Santos,SP,5,cartao_credito,3,-22.19,-48.79
6626a5c61be7ea4a2fc04689,Iniciando em programação,livros,89.83,5.6715924301,2021-06-13,Lucas Oliveira,RJ,5,boleto,1,-22.25,-42.66
6626a5c61be7ea4a2fc0468b,Iniciando em programação,livros,59.3,0.0,2022-06-13,Bruno Rodrigues,RS,5,cartao_credito,4,-30.17,-53.5
6626a5c61be7ea4a2fc04693,Modelagem preditiva,livros,82.43,4.9202540424,2020-07-13,João Souza,PA,4,cartao_credito,1,-3.79,-52.48
6626a5c61be7ea4a2fc04695,Dashboards com Power BI,livros,50.49,11.7828269707,2020-07-13,Juliana Costa,SP,4,cartao_credito,1,-22.19,-48.79
6626a5c61be7ea4a2fc04697,Iniciando em programação,livros,70.49,4.2844849628,2020-07-13,Juliana Costa,SE,3,boleto,1,-10.57,-37.45
6626a5c61be7ea4a2fc046a3,Ciência de dados com python,livros,59.81,0.0,2020-08-13,Bruno Rodrigues,SP,5,boleto,1,-22.19,-48.79
6626a5c61be7ea4a2fc046a6,Modelagem preditiva,livros,83.77,12.2625101037,2020-08-13,Juliana Costa,RS,5,boleto,1,-30.17,-53.5
6626a5c61be7ea4a2fc046ae,Dashboards com Power BI,livros,55.41,0.0,2021-08-13,Pedro Gomes,SP,3,cupom,1,-22.19,-48.79
6626a5c61be7ea4a2fc046b1,Modelagem preditiva,livros,69.9,4.0050906213,2022-08-13,Isabella Pereira,BA,5,boleto,1,-13.29,-41.71
6626a5c61be7ea4a2fc046e4,Modelagem preditiva,livros,74.5,1.5513399403,2022-10-13,Larissa Alves,SE,3,cartao_credito,4,-10.57,-37.45
6626a5c61be7ea4a2fc046fa,Modelagem preditiva,livros,84.49,4.7819642287,2020-11-13,João Souza,SP,5,cartao_credito,10,-22.19,-48.79
6626a5c61be7ea4a2fc046ff,Iniciando em programação,livros,74.01,7.1046261708,2021-11-13,Juliana Costa,MA,4,cartao_credito,1,-5.42,-45.44
6626a5c61be7ea4a2fc0471b,Iniciando em programação,livros,61.18,0.0,2021-12-13,Bruno Rodrigues,MG,5,cartao_credito,4,-18.1,-44.38
6626a5c61be7ea4a2fc04728,Ciência de dados com python,livros,59.9,3.4782716088,2020-01-14,Beatriz Moraes,CE,4,cartao_credito,6,-5.2,-39.53
6626a5c61be7ea4a2fc04731,Dashboards com Power BI,livros,42.94,0.0,2021-01-14,Mariana Ferreira,RJ,5,cartao_credito,1,-22.25,-42.66
6626a5c61be7ea4a2fc04746,Iniciando em programação,livros,60.41,0.0,2020-02-14,João Souza,RJ,1,cartao_credito,1,-22.25,-42.66
6626a5c61be7ea4a2fc0474a,Iniciando em programação,livros,68.5,1.2318579907,2020-02-14,Felipe Santos,MG,5,cartao_credito,10,-18.1,-44.38
6626a5c61be7ea4a2fc0474c,Modelagem preditiva,livros,93.02,14.0474215233,2020-02-14,Rafael Costa,MS,5,cartao_credito,4,-20.51,-54.54
6626a5c61be7ea4a2fc0474e,Ciência de dados com python,livros,57.63,3.5997286508,2020-02-14,Lucas Oliveira,SP,4,cartao_credito,1,-22.19,-48.79
6626a5c61be7ea4a2fc04750,Ciência de dados com python,livros,72.98,1.4704045131,2021-02-14,Pedro Gomes,PE,4,cartao_credito,2,-8.38,-37.86
6626a5c61be7ea4a2fc04765,Dashboards com Power BI,livros,44.69,0.0,2023-02-14,Pedro Gomes,MG,5,cartao_credito,2,-18.1,-44.38
6626a5c61be7ea4a2fc0476e,Iniciando em programação,livros,59.79,0.0,2020-03-14,Felipe Santos,PR,5,cartao_credito,8,-24.89,-51.55
6626a5c61be7ea4a2fc04774,Iniciando em programação,livros,67.63,1.185533108,2020-03-14,Bruno Rodrigues,MG,5,cartao_credito,2,-18.1,-44.38
6626a5c61be7ea4a2fc04782,Ciência de dados com python,livros,53.75,3.1508026105,2022-03-14,João Souza,DF,5,cartao_credito,2,-15.83,-47.86
6626a5c61be7ea4a2fc047a8,Iniciando em programação,livros,49.41,0.0,2021-05-14,Lucas Oliveira,SP,5,boleto,1,-22.19,-48.79
6626a5c61be7ea4a2fc047bb,Ciência de dados com python,livros,54.6,3.5942978917,2020-06-14,Beatriz Moraes,RS,4,cartao_credito,2,-30.17,-53.5
6626a5c61be7ea4a2fc047cc,Ciência de dados com python,livros,62.12,4.2475509501,2020-07-14,Isabella Pereira,SP,5,boleto,1,-22.19,-48.79
6626a5c61be7ea4a2fc047ce,Dashboards com Power BI,livros,52.89,7.2962720973,2020-07-14,Beatriz Moraes,SC,5,cartao_credito,4,-27.45,-50.95
6626a5c61be7ea4a2fc047f5,Iniciando em programação,livros,78.88,1.7845617635,2020-09-14,Mariana Ferreira,PE,4,cartao_credito,1,-8.38,-37.86
6626a5c61be7ea4a2fc047f7,Iniciando em programação,livros,75.78,1.6194960896,2020-09-14,Rafael Costa,BA,5,cartao_credito,6,-13.29,-41.71
6626a5c61be7ea4a2fc04801,Ciência de dados com python,livros,57.72,0.0,2021-09-14,Rafael Costa,GO,5,cartao_credito,3,-15.98,-49.86
6626a5c61be7ea4a2fc04816,Modelagem preditiva,livros,76.09,1.6360026569,2020-10-14,Isabella Pereira,CE,5,cartao_debito,1,-5.2,-39.53
6626a5c61be7ea4a2fc0482a,Modelagem preditiva,livros,61.28,4.15139082,2020-11-14,Camila Ribeiro,SP,4,cartao_credito,9,-22.19,-48.79
6626a5c61be7ea4a2fc04838,Iniciando em programação,livros,53.62,0.0,2021-12-14,Beatriz Moraes,SP,5,boleto,1,-22.19,-48.79
6626a5c61be7ea4a2fc0483e,Modelagem preditiva,livros,105.86,6.1629915199,2021-12-14,Felipe Santos,BA,1,cartao_debito,1,-13.29,-41.71
6626a5c61be7ea4a2fc04845,Iniciando em programação,livros,84.24,4.7686524808,2022-12-14,Mariana Ferreira,SC,2,boleto,1,-27.45,-50.95
6626a5c61be7ea4a2fc04847,Dashboards com Power BI,livros,53.8,3.395792673,2020-01-15,João Souza,SP,5,boleto,1,-22.19,-48.79
6626a5c61be7ea4a2fc04849,Dashboards com Power BI,livros,46.99,0.0,2020-01-15,Pedro Gomes,RJ,1,cartao_credito,4,-22.25,-42.66
6626a5c61be7ea4a2fc04851,Iniciando em programação,livros,85.52,2.1381217877,2020-01-15,Felipe Santos,PB,3,cartao_debito,1,-7.28,-36.72
6626a5c61be7ea4a2fc04858,Modelagem preditiva,livros,101.31,5.6775786273,2021-01-15,João Souza,MG,3,boleto,1,-18.1,-44.38
6626a5c61be7ea4a2fc0485d,Iniciando em programação,livros,69.45,3.9811294751,2021-01-15,Juliana Costa,SP,1,cartao_credito,2,-22.19,-48.79
6626a5c61be7ea4a2fc04880,Iniciando em programação,livros,56.87,0.0,2022-02-15,João Souza,CE,5,cartao_credito,2,-5.2,-39.53
6626a5c61be7ea4a2fc04888,Ciência de dados com python,livros,99.48,5.5801366327,2023-02-15,Larissa Alves,SP,5,boleto,1,-22.19,-48.79
6626a5c61be7ea4a2fc048ae,Iniciando em programação,livros,51.06,0.0,2023-03-15,Bruno Rodrigues,SP,5,cartao_credito,1,-22.19,-48.79
6626a5c61be7ea4a2fc048b0,Ciência de dados com python,livros,78.22,4.4481055914,2023-03-15,Thiago Silva,MG,5,cartao_credito,8,-18.1,-44.38
6626a5c61be7ea4a2fc048b4,Dashboards com Power BI,livros,59.2,0.0,2020-04-15,Bruno Rodrigues,DF,1,cartao_credito,4,-15.83,-47.86
6626a5c61be7ea4a2fc048c8,Dashboards com Power BI,livros,51.61,10.5461283451,2021-04-15,Beatriz Moraes,BA,2,cartao_credito,1,-13.29,-41.71
6626a5c61be7ea4a2fc048cf,Modelagem preditiva,livros,92.99,14.0458241135,2022-04-15,Beatriz Moraes,SP,5,cartao_credito,2,-22.19,-48.79
6626a5c61be7ea4a2fc048d3,Dashboards com Power BI,livros,41.88,0.0,2020-05-15,Pedro Gomes,SP,5,cartao_credito,5,-22.19,-48.79
6626a5c61be7ea4a2fc048d8,Dashboards com Power BI,livros,50.24,3.3621410084,2020-05-15,Bianca Santos,SP,4,cartao_credito,2,-22.19,-48.79
6626a5c61be7ea4a2fc048e0,Iniciando em programação,livros,46.92,2.7871256579,2021-05-15,Bruno Rodrigues,RS,5,boleto,1,-30.17,-53.5
6626a5c61be7ea4a2fc048e4,Modelagem preditiva,livros,69.52,1.2861699222,2021-05-15,Bianca Santos,SP,5,cartao_credito,5,-22.19,-48.79
6626a5c61be7ea4a2fc048f8,Iniciando em programação,livros,57.96,3.7732077835,2021-06-15,Camila Ribeiro,SP,3,cartao_credito,1,-22.19,-48.79
6626a5c61be7ea4a2fc04908,Ciência de dados com python,livros,76.85,8.572070016,2020-07-15,Thiago Silva,SP,5,cartao_credito,1,-22.19,-48.79
6626a5c61be7ea4a2fc0490b,Dashboards com Power BI,livros,59.49,0.0,2020-07-15,Larissa Alves,MS,5,cartao_credito,1,-20.51,-54.54
6626a5c61be7ea4a2fc0491b,Iniciando em programação,livros,88.59,14.2980945197,2022-07-15,Bruno Rodrigues,SC,1,cartao_credito,10,-27.45,-50.95
6626a5c61be7ea4a2fc04925,Dashboards com Power BI,livros,54.26,6.0529980868,2021-08-15,Beatriz Moraes,ES,5,cartao_credito,1,-19.19,-40.34
6626a5c61be7ea4a2fc0492d,Ciência de dados com python,livros,72.18,1.4278069198,2022-08-15,Isabella Pereira,PE,5,cartao_debito,1,-8.38,-37.86
6626a5c61be7ea4a2fc04939,Iniciando em programação,livros,62.27,0.0,2020-09-15,Beatriz Moraes,PR,5,cartao_credito,1,-24.89,-51.55
6626a5c61be7ea4a2fc0493b,Iniciando em programação,livros,58.67,7.6040397088,2021-09-15,Pedro Gomes,SP,4,cartao_credito,1,-22.19,-48.79
6626a5c61be7ea4a2fc04949,Ciência de dados com python,livros,57.46,3.5858371267,2022-09-15,Bianca Santos,RS,5,cartao_credito,1,-30.17,-53.5
6626a5c61be7ea4a2fc04951,Modelagem preditiva,livros,73.96,1.5225865648,2020-10-15,Bruno Rodrigues,MG,5,cupom,1,-18.1,-44.38
6626a5c61be7ea4a2fc0495a,Iniciando em programação,livros,75.74,7.1967434663,2021-10-15,Camila Ribeiro,RS,4,cartao_credito,8,-30.17,-53.5
6626a5c61be7ea4a2fc04975,Modelagem preditiva,livros,92.2,5.7977878002,2021-11-15,Beatriz Moraes,MG,4,cartao_credito,1,-18.1,-44.38
6626a5c61be7ea4a2fc0498f,Ciência de dados com python,livros,95.84,5.6342961997,2021-12-15,João Souza,DF,5,cartao_credito,1,-15.83,-47.86
6626a5c61be7ea4a2fc0499e,Modelagem preditiva,livros,109.33,3.4059326576,2022-12-15,Thiago Silva,RJ,5,boleto,1,-22.25,-42.66
6626a5c61be7ea4a2fc049a5,Modelagem preditiva,livros,70.46,1.3362220943,2020-01-16,João Souza,SP,5,cartao_credito,1,-22.19,-48.79
6626a5c61be7ea4a2fc049a7,Ciência de dados com python,livros,61.04,9.4921317537,2020-01-16,Bruno Rodrigues,SP,4,cartao_credito,2,-22.19,-48.79
6626a5c61be7ea4a2fc049af,Iniciando em programação,livros,67.63,1.185533108,2021-01-16,Rafael Costa,SP,5,cartao_credito,6,-22.19,-48.79
6626a5c61be7ea4a2fc049cc,Dashboards com Power BI,livros,48.04,2.841111385,2021-02-16,Larissa Alves,PB,5,cartao_credito,1,-7.28,-36.72
6626a5c61be7ea4a2fc049cf,Modelagem preditiva,livros,82.2,4.6656795214,2021-02-16,Isabella Pereira,GO,5,cartao_credito,1,-15.98,-49.86
6626a5c61be7ea4a2fc049df,Ciência de dados com python,livros,81.89,4.891500667,2020-03-16,Isabella Pereira,RJ,5,cartao_credito,3,-22.25,-42.66
6626a5c61be7ea4a2fc049e3,Iniciando em programação,livros,51.88,0.0,2021-03-16,Beatriz Moraes,MG,5,boleto,1,-18.1,-44.38
6626a5c61be7ea4a2fc049ec,Ciência de dados com python,livros,78.83,10.4393957342,2022-03-16,Juliana Costa,SP,5,cartao_credito,5,-22.19,-48.79
6626a5c61be7ea4a2fc049fb,Dashboards com Power BI,livros,54.18,3.1736988169,2023-03-16,Beatriz Moraes,RJ,5,boleto,1,-22.25,-42.66
6626a5c61be7ea4a2fc04a1d,Modelagem preditiva,livros,98.48,2.8282027988,2020-05-16,Larissa Alves,PE,5,cartao_credito,4,-8.38,-37.86
6626a5c61be7ea4a2fc04a20,Modelagem preditiva,livros,66.14,1.1061950906,2020-05-16,Pedro Gomes,MG,5,boleto,1,-18.1,-44.38
6626a5c61be7ea4a2fc04a26,Dashboards com Power BI,livros,53.94,10.94979062,2021-05-16,Camila Ribeiro,DF,3,cartao_credito,3,-15.83,-47.86
6626a5c61be7ea4a2fc04a2d,Ciência de dados com python,livros,76.32,4.5949149238,2022-05-16,Bianca Santos,SP,5,cartao_credito,5,-22.19,-48.79
6626a5c61be7ea4a2fc04a32,Iniciando em programação,livros,56.6,3.7007918749,2020-06-16,Beatriz Moraes,SP,5,cartao_credito,9,-22.19,-48.79
6626a5c61be7ea4a2fc04a33,Dashboards com Power BI,livros,42.19,2.5352673877,2020-06-16,Larissa Alves,SP,5,cartao_credito,1,-22.19,-48.79
6626a5c61be7ea4a2fc04a91,Dashboards com Power BI,livros,51.3,3.0146965776,2022-09-16,Larissa Alves,SP,5,cartao_credito,10,-22.19,-48.79
6626a5c61be7ea4a2fc04a93,Iniciando em programação,livros,44.69,2.6683848666,2020-10-16,João Souza,SP,5,boleto,1,-22.19,-48.79
6626a5c61be7ea4a2fc04aad,Iniciando em programação,livros,45.17,3.2935817854,2022-10-16,Isabella Pereira,SP,5,boleto,1,-22.19,-48.79
6626a5c61be7ea4a2fc04ab4,Modelagem preditiva,livros,66.06,4.4059114398,2021-11-16,Bruno Rodrigues,MG,5,cartao_credito,4,-18.1,-44.38
6626a5c61be7ea4a2fc04ac0,Dashboards com Power BI,livros,51.59,3.0301382052,2022-11-16,Rafael Costa,RN,5,cartao_credito,4,-5.81,-36.59
6626a5c61be7ea4a2fc04ac4,Ciência de dados com python,livros,75.92,1.6269506684,2020-12-16,Thiago Silva,RS,5,cartao_credito,5,-30.17,-53.5
6626a5c61be7ea4a2fc04acb,Ciência de dados com python,livros,64.72,9.8257596613,2020-12-16,Pedro Gomes,SP,3,boleto,1,-22.19,-48.79
6626a5c61be7ea4a2fc04acc,Dashboards com Power BI,livros,40.73,0.0,2020-12-16,Camila Ribeiro,SP,5,boleto,1,-22.19,-48.79
6626a5c61be7ea4a2fc04ad3,Modelagem preditiva,livros,71.71,4.7581895995,2021-12-16,Juliana Costa,SP,4,cartao_credito,10,-22.19,-48.79
6626a5c61be7ea4a2fc04ad6,Iniciando em programação,livros,79.03,5.147957578,2022-12-16,Camila Ribeiro,SP,4,cartao_credito,3,-22.19,-48.79
6626a5c61be7ea4a2fc04add,Dashboards com Power BI,livros,35.76,0.0,2020-01-17,Bruno Rodrigues,SP,4,cartao_credito,1,-22.19,-48.79
6626a5c61be7ea4a2fc04ae3,Dashboards com Power BI,livros,59.9,3.8765069472,2021-01-17,Lucas Oliveira,SP,5,cartao_credito,2,-22.19,-48.79
6626a5c61be7ea4a2fc04ae8,Dashboards com Power BI,livros,50.27,2.9598521763,2021-01-17,Lucas Oliveira,SP,5,cartao_credito,1,-22.19,-48.79
6626a5c61be7ea4a2fc04b0b,Iniciando em programação,livros,50.37,10.2376312525,2021-02-17,Felipe Santos,RJ,1,cupom,1,-22.25,-42.66
6626a5c61be7ea4a2fc04b0c,Ciência de dados com python,livros,79.5,5.6322511785,2021-02-17,Juliana Costa,RJ,1,boleto,1,-22.25,-42.66
6626a5c61be7ea4a2fc04b2b,Dashboards com Power BI,livros,58.27,0.0,2021-03-17,Thiago Silva,PE,2,cartao_credito,4,-8.38,-37.86
6626a5c61be7ea4a2fc04b2d,Iniciando em programação,livros,51.91,3.2951558589,2022-03-17,Mariana Ferreira,PR,5,cartao_credito,1,-24.89,-51.55
6626a5c61be7ea4a2fc04b37,Modelagem preditiva,livros,83.97,10.713085271,2023-03-17,João Souza,BA,4,cartao_debito,1,-13.29,-41.71
6626a5c61be7ea4a2fc04b38,Ciência de dados com python,livros,65.52,3.7718687981,2023-03-17,Juliana Costa,CE,4,cartao_credito,1,-5.2,-39.53
6626a5c61be7ea4a2fc04b3c,Dashboards com Power BI,livros,37.7,9.8094212008,2020-04-17,Thiago Silva,SP,5,cartao_credito,1,-22.19,-48.79
6626a5c61be7ea4a2fc04b3e,Modelagem preditiva,livros,91.67,2.465590786,2020-04-17,Thiago Silva,BA,5,boleto,1,-13.29,-41.71
6626a5c61be7ea4a2fc04b44,Modelagem preditiva,livros,62.81,3.6332203544,2021-04-17,Beatriz Moraes,RJ,1,cartao_credito,8,-22.25,-42.66
6626a5c61be7ea4a2fc04b49,Modelagem preditiva,livros,72.5,4.1435327995,2022-04-17,Felipe Santos,RJ,3,cartao_credito,1,-22.25,-42.66
6626a5c61be7ea4a2fc04b62,Dashboards com Power BI,livros,37.95,9.5763036169,2022-05-17,Camila Ribeiro,SP,1,cartao_credito,10,-22.19,-48.79
6626a5c61be7ea4a2fc04b72,Modelagem preditiva,livros,74.26,1.5385606623,2021-06-17,Rafael Costa,RJ,5,cartao_credito,1,-22.25,-42.66
6626a5c61be7ea4a2fc04b85,Dashboards com Power BI,livros,41.98,0.0,2021-07-17,Bianca Santos,SP,5,cartao_credito,10,-22.19,-48.79
6626a5c61be7ea4a2fc04b8a,Iniciando em programação,livros,69.28,4.2200561029,2021-07-17,João Souza,BA,5,cartao_credito,2,-13.29,-41.71
6626a5c61be7ea4a2fc04ba0,Dashboards com Power BI,livros,40.62,9.9649024163,2020-08-17,Bruno Rodrigues,SP,5,cartao_credito,3,-22.19,-48.79
6626a5c61be7ea4a2fc04ba4,Ciência de dados com python,livros,67.19,1.1621044317,2021-08-17,João Souza,SP,5,cartao_credito,1,-22.19,-48.79
6626a5c61be7ea4a2fc04bbf,Iniciando em programação,livros,82.09,1.9554846065,2022-09-17,Juliana Costa,ES,3,cartao_credito,1,-19.19,-40.34
6626a5c61be7ea4a2fc04bde,Modelagem preditiva,livros,98.04,2.8047741225,2020-11-17,Lucas Oliveira,SP,5,boleto,1,-22.19,-48.79
6626a5c61be7ea4a2fc04bf6,Modelagem preditiva,livros,72.95,1.4688071033,2022-11-17,Bianca Santos,RJ,5,cartao_credito,2,-22.25,-42.66
6626a5c61be7ea4a2fc04bfb,Dashboards com Power BI,livros,35.23,2.4021565035,2020-12-17,Felipe Santos,GO,5,cartao_credito,10,-15.98,-49.86
6626a5c61be7ea4a2fc04bfe,Dashboards com Power BI,livros,46.37,0.0,2020-12-17,João Souza,SP,5,boleto,1,-22.19,-48.79
6626a5c61be7ea4a2fc04c02,Modelagem preditiva,livros,72.21,4.3760697883,2021-12-17,Larissa Alves,MG,3,cartao_credito,1,-18.1,-44.38
6626a5c61be7ea4a2fc04c1a,Iniciando em programação,livros,48.72,11.6885797956,2020-01-18,Bianca Santos,SP,1,cartao_credito,2,-22.19,-48.79
6626a5c61be7ea4a2fc04c20,Iniciando em programação,livros,45.94,2.9772713191,2021-01-18,Lucas Oliveira,SP,5,cartao_credito,5,-22.19,-48.79
6626a5c61be7ea4a2fc04c4a,Iniciando em programação,livros,77.19,4.9985504563,2023-02-18,Juliana Costa,SP,4,cartao_credito,5,-22.19,-48.79
6626a5c61be7ea4a2fc04c57,Dashboards com Power BI,livros,44.57,0.0,2021-03-18,Beatriz Moraes,MG,3,cartao_credito,2,-18.1,-44.38
6626a5c61be7ea4a2fc04c66,Ciência de dados com python,livros,55.65,0.0,2023-03-18,Rafael Costa,RJ,5,cartao_credito,1,-22.25,-42.66
6626a5c61be7ea4a2fc04c92,Ciência de dados com python,livros,99.68,2.8920991887,2021-05-18,Beatriz Moraes,RJ,5,cartao_credito,7,-22.25,-42.66
6626a5c61be7ea4a2fc04c98,Ciência de dados com python,livros,52.97,3.1036190536,2022-05-18,Larissa Alves,SP,5,cartao_credito,10,-22.19,-48.79
6626a5c61be7ea4a2fc04c9b,Ciência de dados com python,livros,93.09,5.2455392599,2022-05-18,João Souza,PA,5,boleto,1,-3.79,-52.48
6626a5c61be7ea4a2fc04ca0,Modelagem preditiva,livros,87.02,5.5219683837,2020-06-18,Larissa Alves,ES,5,cartao_credito,8,-19.19,-40.34
6626a5c61be7ea4a2fc04cab,Modelagem preditiva,livros,103.68,11.7625834753,2021-06-18,Bruno Rodrigues,MA,4,cartao_credito,4,-5.42,-45.44
6626a5c61be7ea4a2fc04cb1,Modelagem preditiva,livros,87.11,2.2227845043,2022-06-18,Juliana Costa,SP,5,cartao_credito,1,-22.19,-48.79
6626a5c61be7ea4a2fc04cba,Ciência de dados com python,livros,60.51,3.7530799866,2020-07-18,Isabella Pereira,RJ,3,cartao_credito,2,-22.25,-42.66
6626a5c61be7ea4a2fc04cbd,Iniciando em programação,livros,80.12,1.8505880331,2020-07-18,Bruno Rodrigues,SP,5,boleto,1,-22.19,-48.79
6626a5c61be7ea4a2fc04ccf,Ciência de dados com python,livros,92.69,5.2242404633,2022-07-18,Thiago Silva,BA,2,cartao_credito,1,-13.29,-41.71
6626a5c61be7ea4a2fc04cd1,Modelagem preditiva,livros,86.63,5.1390518715,2020-08-18,Bruno Rodrigues,MG,5,cartao_credito,1,-18.1,-44.38
6626a5c61be7ea4a2fc04cd2,Modelagem preditiva,livros,67.98,4.3067426393,2020-08-18,João Souza,SP,5,cartao_credito,10,-22.19,-48.79
6626a5c61be7ea4a2fc04ce0,Dashboards com Power BI,livros,52.18,10.3340083073,2022-08-18,Mariana Ferreira,MG,5,cartao_credito,4,-18.1,-44.38
6626a5c61be7ea4a2fc04cf8,Ciência de dados com python,livros,55.2,3.2223598448,2022-09-18,Lucas Oliveira,SP,5,cartao_credito,1,-22.19,-48.79
6626a5c61be7ea4a2fc04cfb,Modelagem preditiva,livros,86.08,5.2705131872,2022-09-18,Larissa Alves,SP,1,cartao_credito,1,-22.19,-48.79
6626a5c61be7ea4a2fc04d08,Dashboards com Power BI,livros,38.47,5.2122280895,2021-10-18,Juliana Costa,SP,5,boleto,1,-22.19,-48.79
6626a5c61be7ea4a2fc04d10,Ciência de dados com python,livros,63.32,0.0,2022-10-18,Camila Ribeiro,MG,5,cartao_credito,5,-18.1,-44.38
6626a5c61be7ea4a2fc04d1d,Modelagem preditiva,livros,83.42,4.7249899477,2021-11-18,Camila Ribeiro,SP,5,cartao_credito,5,-22.19,-48.79
6626a5c61be7ea4a2fc04d21,Ciência de dados com python,livros,72.07,1.4219497507,2021-11-18,Larissa Alves,SP,5,cartao_credito,5,-22.19,-48.79
6626a5c61be7ea4a2fc04d26,Modelagem preditiva,livros,82.51,16.0394374802,2022-11-18,Larissa Alves,SP,3,cartao_credito,1,-22.19,-48.79
6626a5c61be7ea4a2fc04d3b,Iniciando em programação,livros,41.3,3.0875159279,2021-12-18,Rafael Costa,SP,4,cartao_credito,7,-22.19,-48.79
6626a5c61be7ea4a2fc04d4b,Dashboards com Power BI,livros,56.41,3.2924396082,2021-01-19,Bruno Rodrigues,RS,5,cartao_credito,7,-30.17,-53.5
6626a5c61be7ea4a2fc04d55,Modelagem preditiva,livros,67.63,3.8842199504,2023-01-19,Lucas Oliveira,ES,4,cupom,1,-19.19,-40.34
6626a5c61be7ea4a2fc04d75,Ciência de dados com python,livros,65.93,4.0416786811,2023-02-19,Felipe Santos,SP,3,cartao_credito,1,-22.19,-48.79
6626a5c61be7ea4a2fc04d76,Iniciando em programação,livros,62.46,0.0,2020-03-19,Bruno Rodrigues,SP,5,boleto,1,-22.19,-48.79
6626a5c61be7ea4a2fc04d83,Modelagem preditiva,livros,86.12,2.1700699827,2022-03-19,Isabella Pereira,SP,5,cartao_credito,3,-22.19,-48.79
6626a5c61be7ea4a2fc04d89,Modelagem preditiva,livros,62.1,9.6862525433,2023-03-19,João Souza,SP,3,cartao_credito,6,-22.19,-48.79
6626a5c61be7ea4a2fc04d8f,Ciência de dados com python,livros,73.36,4.5932114541,2020-04-19,Larissa Alves,MG,1,cartao_credito,8,-18.1,-44.38
6626a5c61be7ea4a2fc04d92,Iniciando em programação,livros,82.94,4.9474100081,2020-04-19,Mariana Ferreira,MG,5,boleto,1,-18.1,-44.38
6626a5c61be7ea4a2fc04daa,Dashboards com Power BI,livros,50.06,2.948670308,2022-04-19,Bianca Santos,SP,5,cartao_credito,10,-22.19,-48.79
6626a5c61be7ea4a2fc04dae,Modelagem preditiva,livros,62.52,6.4928182374,2020-05-19,Beatriz Moraes,SP,1,cartao_credito,3,-22.19,-48.79
6626a5c61be7ea4a2fc04db0,Dashboards com Power BI,livros,53.48,3.1307750193,2020-05-19,Camila Ribeiro,SC,1,boleto,1,-27.45,-50.95
6626a5c61be7ea4a2fc04dbb,Dashboards com Power BI,livros,45.14,2.9346737258,2021-05-19,Pedro Gomes,BA,5,cartao_credito,1,-13.29,-41.71
6626a5c61be7ea4a2fc04dbf,Dashboards com Power BI,livros,51.31,0.0,2022-05-19,Larissa Alves,PR,4,cartao_credito,3,-24.89,-51.55
6626a5c61be7ea4a2fc04dc9,Iniciando em programação,livros,67.8,3.8989228424,2020-06-19,Beatriz Moraes,SP,2,cartao_credito,2,-22.19,-48.79
6626a5c61be7ea4a2fc04ddd,Iniciando em programação,livros,43.78,2.6199301043,2020-07-19,Isabella Pereira,SC,5,boleto,1,-27.45,-50.95
6626a5c61be7ea4a2fc04df3,Ciência de dados com python,livros,72.34,1.4363264385,2022-07-19,Lucas Oliveira,SP,5,cartao_credito,8,-22.19,-48.79
6626a5c61be7ea4a2fc04df9,Modelagem preditiva,livros,103.81,3.112009264,2020-08-19,Rafael Costa,RJ,4,boleto,1,-22.25,-42.66
6626a5c61be7ea4a2fc04e1b,Dashboards com Power BI,livros,58.68,0.0,2020-10-19,Lucas Oliveira,AL,2,cartao_credito,2,-9.62,-36.82
6626a5c61be7ea4a2fc04e1c,Ciência de dados com python,livros,94.17,12.8123203075,2021-10-19,Bianca Santos,CE,4,cartao_credito,5,-5.2,-39.53
6626a5c61be7ea4a2fc04e21,Iniciando em programação,livros,40.4,0.0,2022-10-19,Isabella Pereira,RJ,5,cartao_credito,1,-22.25,-42.66
6626a5c61be7ea4a2fc04e37,Dashboards com Power BI,livros,39.8,0.0,2021-11-19,Camila Ribeiro,GO,5,cartao_credito,1,-15.98,-49.86
6626a5c61be7ea4a2fc04e3b,Iniciando em programação,livros,78.08,4.4406510126,2022-11-19,Bruno Rodrigues,SC,5,cartao_credito,7,-27.45,-50.95
6626a5c61be7ea4a2fc04e3c,Ciência de dados com python,livros,85.14,2.1178879309,2022-11-19,Isabella Pereira,SC,3,cartao_credito,8,-27.45,-50.95
6626a5c61be7ea4a2fc04e3f,Iniciando em programação,livros,62.64,3.8664960787,2022-11-19,Camila Ribeiro,SC,3,cartao_credito,1,-27.45,-50.95
6626a5c61be7ea4a2fc04e5c,Modelagem preditiva,livros,84.59,5.1911751697,2020-01-20,Camila Ribeiro,SP,3,cartao_credito,1,-22.19,-48.79
6626a5c61be7ea4a2fc04e6a,Dashboards com Power BI,livros,44.45,2.6499546852,2022-01-20,Bruno Rodrigues,SP,4,boleto,1,-22.19,-48.79
6626a5c61be7ea4a2fc04e72,Modelagem preditiva,livros,64.08,3.6951931302,2023-01-20,João Souza,SC,4,cartao_credito,2,-27.45,-50.95
6626a5c61be7ea4a2fc04e76,Modelagem preditiva,livros,67.12,3.8627148881,2020-02-20,Beatriz Moraes,SC,5,cartao_credito,4,-27.45,-50.95
6626a5c61be7ea4a2fc04e7d,Modelagem preditiva,livros,69.42,1.280845223,2021-02-20,Larissa Alves,RJ,5,cartao_credito,10,-22.25,-42.66
6626a5c61be7ea4a2fc04e81,Dashboards com Power BI,livros,39.81,2.6508672606,2021-02-20,Camila Ribeiro,PE,1,cartao_credito,5,-8.38,-37.86
6626a5c61be7ea4a2fc04e8a,Iniciando em programação,livros,87.06,2.2201221548,2023-02-20,Bruno Rodrigues,RJ,4,cartao_credito,1,-22.25,-42.66
6626a5c61be7ea4a2fc04ea4,Ciência de dados com python,livros,86.94,4.9124193581,2021-03-20,Bianca Santos,SP,5,cupom,1,-22.19,-48.79
6626a5c61be7ea4a2fc04eab,Iniciando em programação,livros,81.58,1.9283286408,2022-03-20,Mariana Ferreira,SP,4,cartao_credito,1,-22.19,-48.79
6626a5c61be7ea4a2fc04eb0,Modelagem preditiva,livros,71.75,1.4049107134,2023-03-20,Isabella Pereira,RJ,1,cartao_credito,10,-22.25,-42.66
6626a5c61be7ea4a2fc04eb6,Modelagem preditiva,livros,63.15,4.2509626943,2023-03-20,Felipe Santos,GO,4,cartao_credito,1,-15.98,-49.86
6626a5c61be7ea4a2fc04ecf,Dashboards com Power BI,livros,45.5,0.0,2021-04-20,Larissa Alves,SC,5,cupom,1,-27.45,-50.95
6626a5c61be7ea4a2fc04ed4,Iniciando em programação,livros,85.42,5.0794625473,2022-04-20,Isabella Pereira,SP,5,cartao_credito,1,-22.19,-48.79
6626a5c61be7ea4a2fc04ede,Iniciando em programação,livros,83.69,12.53388862,2020-05-20,Rafael Costa,SP,5,cartao_credito,1,-22.19,-48.79
6626a5c61be7ea4a2fc04ee8,Ciência de dados com python,livros,78.08,4.4406510126,2022-05-20,Bruno Rodrigues,SP,4,boleto,1,-22.19,-48.79
6626a5c61be7ea4a2fc04f19,Dashboards com Power BI,livros,58.95,0.0,2021-07-20,Bruno Rodrigues,SP,5,cartao_credito,5,-22.19,-48.79
6626a5c61be7ea4a2fc04f32,Iniciando em programação,livros,69.23,4.2173937533,2021-08-20,Camila Ribeiro,MG,3,cartao_credito,1,-18.1,-44.38
6626a5c61be7ea4a2fc04f3f,Ciência de dados com python,livros,63.91,4.0900273835,2020-09-20,Mariana Ferreira,RS,3,cupom,1,-30.17,-53.5
6626a5c61be7ea4a2fc04f5a,Dashboards com Power BI,livros,47.48,2.8112930697,2020-10-20,Lucas Oliveira,DF,4,boleto,1,-15.83,-47.86
6626a5c61be7ea4a2fc04f5f,Iniciando em programação,livros,63.4,3.6646360794,2020-10-20,Pedro Gomes,SP,5,boleto,1,-22.19,-48.79
6626a5c61be7ea4a2fc04f75,Ciência de dados com python,livros,81.48,5.0255770258,2020-11-20,Isabella Pereira,RJ,4,cartao_credito,3,-22.25,-42.66
6626a5c61be7ea4a2fc04f81,Ciência de dados com python,livros,71.06,14.2898337019,2022-11-20,Pedro Gomes,SP,1,cartao_credito,1,-22.19,-48.79
6626a5c61be7ea4a2fc04f9a,Iniciando em programação,livros,61.24,3.7871107549,2021-12-20,Beatriz Moraes,MG,5,boleto,1,-18.1,-44.38
6626a5c61be7ea4a2fc04fa7,Ciência de dados com python,livros,82.08,4.9016175954,2020-01-21,Felipe Santos,PE,2,cartao_credito,5,-8.38,-37.86
6626a5c61be7ea4a2fc04fa9,Iniciando em programação,livros,45.33,8.6556215157,2020-01-21,Lucas Oliveira,RJ,4,cartao_credito,4,-22.25,-42.66
6626a5c61be7ea4a2fc04faf,Modelagem preditiva,livros,80.45,14.789822953,2020-01-21,Thiago Silva,MG,5,cartao_credito,4,-18.1,-44.38
6626a5c61be7ea4a2fc04fb0,Modelagem preditiva,livros,72.17,4.1259612922,2020-01-21,Felipe Santos,PR,1,cartao_credito,1,-24.89,-51.55
6626a5c61be7ea4a2fc04fb3,Iniciando em programação,livros,45.31,0.0,2020-01-21,Lucas Oliveira,SP,5,cartao_credito,4,-22.19,-48.79
6626a5c61be7ea4a2fc04fb9,Modelagem preditiva,livros,99.5,9.7781143756,2021-01-21,Bianca Santos,SP,5,cartao_credito,3,-22.19,-48.79
6626a5c61be7ea4a2fc04fba,Iniciando em programação,livros,87.49,2.2430183611,2021-01-21,Pedro Gomes,SP,5,cartao_credito,5,-22.19,-48.79
6626a5c61be7ea4a2fc04fbb,Ciência de dados com python,livros,54.14,0.0,2021-01-21,Felipe Santos,PR,5,cartao_credito,5,-24.89,-51.55
6626a5c61be7ea4a2fc04fbd,Dashboards com Power BI,livros,55.61,3.2498420149,2022-01-21,Bruno Rodrigues,RS,5,cartao_credito,1,-30.17,-53.5
6626a5c61be7ea4a2fc05003,Modelagem preditiva,livros,108.98,6.3339616693,2023-03-21,Larissa Alves,SP,5,cartao_credito,5,-22.19,-48.79
6626a5c61be7ea4a2fc05007,Ciência de dados com python,livros,83.87,2.0502642516,2023-03-21,Rafael Costa,SC,1,cartao_credito,10,-27.45,-50.95
6626a5c61be7ea4a2fc0500c,Iniciando em programação,livros,76.65,4.3701587181,2020-04-21,Larissa Alves,RJ,5,cartao_credito,5,-22.25,-42.66
6626a5c61be7ea4a2fc0500f,Ciência de dados com python,livros,51.64,11.844061011,2020-04-21,Juliana Costa,PR,5,cartao_credito,10,-24.89,-51.55
6626a5c61be7ea4a2fc05010,Iniciando em programação,livros,41.53,2.7424520861,2020-04-21,Felipe Santos,MG,5,cartao_credito,1,-18.1,-44.38
6626a5c61be7ea4a2fc05014,Modelagem preditiva,livros,104.25,6.2380110245,2020-04-21,Bruno Rodrigues,PB,4,cartao_credito,9,-7.28,-36.72
6626a5c61be7ea4a2fc05018,Modelagem preditiva,livros,61.02,3.5322573359,2021-04-21,Isabella Pereira,SP,4,cartao_credito,1,-22.19,-48.79
6626a5c61be7ea4a2fc05032,Iniciando em programação,livros,74.13,4.2303253958,2021-05-21,Felipe Santos,RS,5,boleto,1,-30.17,-53.5
6626a5c61be7ea4a2fc05059,Ciência de dados com python,livros,88.66,5.0096550871,2020-07-21,Juliana Costa,SP,3,boleto,1,-22.19,-48.79
6626a5c61be7ea4a2fc0505f,Dashboards com Power BI,livros,46.56,5.6429962515,2020-07-21,João Souza,AM,5,cartao_credito,3,-3.47,-65.1
6626a5c61be7ea4a2fc05060,Modelagem preditiva,livros,98.65,2.8372547874,2020-07-21,Rafael Costa,RJ,1,boleto,1,-22.25,-42.66
6626a5c61be7ea4a2fc05063,Ciência de dados com python,livros,66.51,15.1874856147,2020-07-21,Mariana Ferreira,SP,4,boleto,1,-22.19,-48.79
6626a5c61be7ea4a2fc05068,Modelagem preditiva,livros,76.8,1.673808021,2021-07-21,Thiago Silva,RJ,5,cupom,1,-22.25,-42.66
6626a5c61be7ea4a2fc05076,Modelagem preditiva,livros,83.98,4.754808263,2020-08-21,Mariana Ferreira,SP,5,cartao_credito,7,-22.19,-48.79
6626a5c61be7ea4a2fc05079,Modelagem preditiva,livros,64.4,4.8282216053,2020-08-21,Mariana Ferreira,SP,3,cartao_credito,1,-22.19,-48.79
6626a5c61be7ea4a2fc0507d,Ciência de dados com python,livros,70.63,10.1404493816,2020-08-21,Rafael Costa,DF,5,cartao_credito,1,-15.83,-47.86
6626a5c61be7ea4a2fc0508b,Ciência de dados com python,livros,62.56,0.0,2022-08-21,Beatriz Moraes,SP,4,cartao_credito,8,-22.19,-48.79
6626a5c61be7ea4a2fc050a6,Dashboards com Power BI,livros,49.79,0.0,2022-09-21,Lucas Oliveira,SP,5,cupom,1,-22.19,-48.79
6626a5c61be7ea4a2fc050b9,Modelagem preditiva,livros,65.73,1.084363824,2022-10-21,Beatriz Moraes,MG,5,cartao_credito,10,-18.1,-44.38
6626a5c61be7ea4a2fc050ba,Dashboards com Power BI,livros,35.61,2.8359732029,2022-10-21,Bruno Rodrigues,SP,5,cartao_credito,1,-22.19,-48.79
6626a5c61be7ea4a2fc050bd,Dashboards com Power BI,livros,47.99,13.0614256058,2020-11-21,Bianca Santos,SP,5,cartao_credito,3,-22.19,-48.79
6626a5c61be7ea4a2fc050c3,Dashboards com Power BI,livros,50.3,2.961449586,2020-11-21,Thiago Silva,RS,5,boleto,1,-30.17,-53.5
6626a5c61be7ea4a2fc050c5,Dashboards com Power BI,livros,53.0,3.3483555441,2020-11-21,Pedro Gomes,SP,5,cartao_credito,1,-22.19,-48.79
6626a5c61be7ea4a2fc050cb,Iniciando em programação,livros,57.26,4.4480380854,2021-11-21,Mariana Ferreira,SP,5,boleto,1,-22.19,-48.79
6626a5c61be7ea4a2fc050cc,Ciência de dados com python,livros,57.04,0.0,2021-11-21,Lucas Oliveira,MG,5,cartao_credito,1,-18.1,-44.38
6626a5c61be7ea4a2fc050cf,Iniciando em programação,livros,79.02,4.8945894265,2022-11-21,Mariana Ferreira,SP,4,cartao_credito,3,-22.19,-48.79
6626a5c61be7ea4a2fc050d3,Ciência de dados com python,livros,76.68,4.6092443051,2022-11-21,Isabella Pereira,GO,5,cartao_credito,8,-15.98,-49.86
6626a5c61be7ea4a2fc050df,Ciência de dados com python,livros,74.64,1.5587945191,2020-12-21,Larissa Alves,SP,3,cartao_credito,1,-22.19,-48.79
6626a5c61be7ea4a2fc050ef,Dashboards com Power BI,livros,44.84,3.2760102782,2020-01-22,Beatriz Moraes,MS,5,boleto,1,-20.51,-54.54
6626a5c61be7ea4a2fc050f7,Dashboards com Power BI,livros,38.53,2.3403833984,2021-01-22,Larissa Alves,RJ,1,cupom,1,-22.25,-42.66
6626a5c61be7ea4a2fc0510b,Modelagem preditiva,livros,89.19,5.6889470126,2023-01-22,Beatriz Moraes,MG,2,cartao_credito,8,-18.1,-44.38
6626a5c61be7ea4a2fc05112,Ciência de dados com python,livros,55.52,3.482537963,2020-02-22,Felipe Santos,SP,5,cartao_credito,10,-22.19,-48.79
6626a5c61be7ea4a2fc05114,Dashboards com Power BI,livros,50.11,0.0,2020-02-22,Larissa Alves,MG,4,cartao_credito,2,-18.1,-44.38
6626a5c61be7ea4a2fc05128,Iniciando em programação,livros,60.11,3.7269416544,2023-02-22,Juliana Costa,SP,5,boleto,1,-22.19,-48.79
6626a5c61be7ea4a2fc05130,Dashboards com Power BI,livros,40.27,2.6753608767,2020-03-22,Larissa Alves,SP,4,cartao_credito,2,-22.19,-48.79
6626a5c61be7ea4a2fc0513c,Iniciando em programação,livros,88.51,2.2973302926,2022-03-22,Rafael Costa,SP,5,cartao_credito,1,-22.19,-48.79
6626a5c61be7ea4a2fc0514c,Ciência de dados com python,livros,60.39,4.1040009975,2023-03-22,Isabella Pereira,MS,5,cartao_credito,5,-20.51,-54.54
6626a5c61be7ea4a2fc0518d,Modelagem preditiva,livros,85.44,4.8325488707,2020-06-22,Bianca Santos,MG,5,cartao_credito,3,-18.1,-44.38
6626a5c61be7ea4a2fc0518f,Modelagem preditiva,livros,69.51,3.9899751981,2021-06-22,Thiago Silva,DF,3,cartao_credito,1,-15.83,-47.86
6626a5c61be7ea4a2fc05191,Dashboards com Power BI,livros,43.01,10.0921627262,2021-06-22,Larissa Alves,SP,5,cartao_credito,2,-22.19,-48.79
6626a5c61be7ea4a2fc05193,Ciência de dados com python,livros,64.01,0.0,2021-06-22,João Souza,MG,4,cartao_credito,6,-18.1,-44.38
6626a5c61be7ea4a2fc051a9,Modelagem preditiva,livros,83.92,4.757264347,2021-07-22,Camila Ribeiro,SP,5,cartao_credito,1,-22.19,-48.79
6626a5c61be7ea4a2fc051cd,Iniciando em programação,livros,67.37,1.1716888902,2022-08-22,Pedro Gomes,RS,5,cartao_credito,10,-30.17,-53.5
6626a5c61be7ea4a2fc051fd,Modelagem preditiva,livros,62.96,4.7515459375,2021-10-22,Larissa Alves,MG,4,cartao_credito,1,-18.1,-44.38
6626a5c61be7ea4a2fc05200,Dashboards com Power BI,livros,35.28,8.4241790464,2022-10-22,Lucas Oliveira,MG,4,boleto,1,-18.1,-44.38
6626a5c61be7ea4a2fc05205,Ciência de dados com python,livros,85.05,5.2156687858,2020-11-22,Bruno Rodrigues,RJ,5,cartao_credito,1,-22.25,-42.66
6626a5c61be7ea4a2fc05208,Ciência de dados com python,livros,95.25,5.5980409391,2020-11-22,Thiago Silva,SP,2,cartao_credito,2,-22.19,-48.79
6626a5c61be7ea4a2fc05233,Dashboards com Power BI,livros,48.1,10.3631899134,2021-01-23,Juliana Costa,SP,5,boleto,1,-22.19,-48.79
6626a5c61be7ea4a2fc05236,Iniciando em programação,livros,67.79,1.1940526267,2021-01-23,Pedro Gomes,GO,5,cartao_credito,1,-15.98,-49.86
6626a5c61be7ea4a2fc0523b,Dashboards com Power BI,livros,36.07,0.0,2021-01-23,Mariana Ferreira,RJ,5,boleto,1,-22.25,-42.66
6626a5c61be7ea4a2fc05242,Dashboards com Power BI,livros,59.62,3.4577115477,2022-01-23,Juliana Costa,SP,2,cupom,1,-22.19,-48.79
6626a5c61be7ea4a2fc05254,Iniciando em programação,livros,40.64,3.0523729135,2020-02-23,João Souza,RJ,5,cartao_credito,2,-22.25,-42.66
6626a5c61be7ea4a2fc0525b,Ciência de dados com python,livros,64.2,1.0028959269,2021-02-23,Beatriz Moraes,SP,5,cartao_credito,1,-22.19,-48.79
6626a5c61be7ea4a2fc0525f,Dashboards com Power BI,livros,36.59,0.0,2021-02-23,Mariana Ferreira,MG,5,cartao_credito,5,-18.1,-44.38
6626a5c61be7ea4a2fc05268,Ciência de dados com python,livros,84.13,5.0107739281,2022-02-23,Juliana Costa,SP,5,boleto,1,-22.19,-48.79
6626a5c61be7ea4a2fc05282,Iniciando em programação,livros,84.77,2.098186544,2020-03-23,Camila Ribeiro,AL,5,cartao_credito,5,-9.62,-36.82
6626a5c61be7ea4a2fc0528b,Ciência de dados com python,livros,84.78,5.0405449371,2022-03-23,Isabella Pereira,MG,5,cartao_credito,10,-18.1,-44.38
6626a5c61be7ea4a2fc0528c,Dashboards com Power BI,livros,36.15,5.088695069,2022-03-23,Felipe Santos,SP,5,cartao_credito,6,-22.19,-48.79
6626a5c61be7ea4a2fc0528e,Dashboards com Power BI,livros,52.05,0.0,2022-03-23,Lucas Oliveira,PE,3,cartao_credito,3,-8.38,-37.86
6626a5c61be7ea4a2fc052ae,Iniciando em programação,livros,69.02,4.6149551921,2021-05-23,Lucas Oliveira,MG,5,cartao_credito,1,-18.1,-44.38
6626a5c61be7ea4a2fc052c8,Ciência de dados com python,livros,85.08,4.8133799537,2021-06-23,Thiago Silva,RJ,3,cartao_credito,10,-22.25,-42.66
6626a5c61be7ea4a2fc052cb,Dashboards com Power BI,livros,42.38,2.9436196544,2022-06-23,Bianca Santos,SC,5,cartao_credito,1,-27.45,-50.95
6626a5c61be7ea4a2fc052cf,Ciência de dados com python,livros,81.61,7.5093033069,2022-06-23,Larissa Alves,DF,5,cartao_credito,1,-15.83,-47.86
6626a5c61be7ea4a2fc052d2,Ciência de dados com python,livros,51.8,3.6466093397,2020-07-23,Juliana Costa,SP,1,cartao_credito,3,-22.19,-48.79
6626a5c61be7ea4a2fc052da,Iniciando em programação,livros,64.27,6.5860004727,2020-07-23,Bianca Santos,RJ,5,boleto,1,-22.25,-42.66
6626a5c61be7ea4a2fc052dc,Ciência de dados com python,livros,61.59,3.8105867375,2021-07-23,Pedro Gomes,MG,5,cartao_credito,1,-18.1,-44.38
6626a5c61be7ea4a2fc052de,Modelagem preditiva,livros,72.68,4.1531172579,2021-07-23,Bruno Rodrigues,RJ,1,cartao_credito,2,-22.25,-42.66
6626a5c61be7ea4a2fc052e6,Dashboards com Power BI,livros,49.08,2.8964882563,2022-07-23,Rafael Costa,SP,4,cartao_credito,3,-22.19,-48.79
6626a5c61be7ea4a2fc052f7,Modelagem preditiva,livros,64.73,7.9267164778,2021-08-23,Isabella Pereira,RJ,5,cartao_credito,10,-22.25,-42.66
6626a5c61be7ea4a2fc05305,Ciência de dados com python,livros,86.5,5.4942799481,2022-08-23,Camila Ribeiro,DF,1,cartao_credito,10,-15.83,-47.86
6626a5c61be7ea4a2fc05308,Modelagem preditiva,livros,104.89,3.1695160149,2020-09-23,Larissa Alves,RJ,5,cupom,1,-22.25,-42.66
6626a5c61be7ea4a2fc0530a,Dashboards com Power BI,livros,49.18,0.0,2020-09-23,Bruno Rodrigues,SP,5,cartao_credito,2,-22.19,-48.79
6626a5c61be7ea4a2fc05319,Dashboards com Power BI,livros,35.04,5.0295909083,2021-09-23,Isabella Pereira,SP,5,boleto,1,-22.19,-48.79
6626a5c61be7ea4a2fc0531c,Dashboards com Power BI,livros,54.03,0.0,2021-09-23,Rafael Costa,MG,3,cartao_credito,6,-18.1,-44.38
6626a5c61be7ea4a2fc0531d,Modelagem preditiva,livros,105.71,6.5171546566,2021-09-23,Juliana Costa,SP,5,cartao_credito,1,-22.19,-48.79
6626a5c61be7ea4a2fc0532f,Modelagem preditiva,livros,95.16,13.1446316136,2020-10-23,João Souza,SP,5,cartao_credito,2,-22.19,-48.79
6626a5c61be7ea4a2fc05345,Modelagem preditiva,livros,70.29,1.3271701057,2020-11-23,Juliana Costa,PR,4,boleto,1,-24.89,-51.55
6626a5c61be7ea4a2fc0534f,Modelagem preditiva,livros,76.93,1.6807301299,2021-11-23,Lucas Oliveira,MG,3,boleto,1,-18.1,-44.38
6626a5c61be7ea4a2fc05350,Iniciando em programação,livros,62.08,3.8366777634,2021-11-23,Felipe Santos,MG,4,cartao_credito,1,-18.1,-44.38
6626a5c61be7ea4a2fc05369,Modelagem preditiva,livros,74.49,4.2551452162,2021-12-23,Lucas Oliveira,SP,1,boleto,1,-22.19,-48.79
6626a5c61be7ea4a2fc0536c,Ciência de dados com python,livros,57.26,6.2127390616,2022-12-23,Lucas Oliveira,MG,5,boleto,1,-18.1,-44.38
6626a5c61be7ea4a2fc0537a,Modelagem preditiva,livros,103.49,3.0949702267,2020-01-24,Rafael Costa,RS,1,boleto,1,-30.17,-53.5
6626a5c61be7ea4a2fc0537f,Dashboards com Power BI,livros,57.25,4.7011846211,2021-01-24,Rafael Costa,CE,2,cartao_credito,5,-5.2,-39.53
6626a5c61be7ea4a2fc05384,Dashboards com Power BI,livros,54.64,0.0,2021-01-24,Bruno Rodrigues,RJ,4,cartao_credito,1,-22.25,-42.66
6626a5c61be7ea4a2fc05389,Dashboards com Power BI,livros,37.55,2.9392723666,2021-01-24,Felipe Santos,SP,5,cartao_credito,4,-22.19,-48.79
6626a5c61be7ea4a2fc053a4,Modelagem preditiva,livros,63.99,0.0,2021-02-24,Mariana Ferreira,RS,3,cartao_credito,2,-30.17,-53.5
6626a5c61be7ea4a2fc053ab,Ciência de dados com python,livros,68.8,3.952169834,2022-02-24,Beatriz Moraes,SP,5,boleto,1,-22.19,-48.79
6626a5c61be7ea4a2fc053be,Ciência de dados com python,livros,81.49,4.8653623347,2020-03-24,Larissa Alves,RJ,1,cartao_credito,10,-22.25,-42.66
6626a5c61be7ea4a2fc053cd,Modelagem preditiva,livros,72.25,1.4315342092,2022-03-24,Beatriz Moraes,SP,5,cartao_credito,5,-22.19,-48.79
6626a5c61be7ea4a2fc053e3,Dashboards com Power BI,livros,39.05,2.3624209306,2021-04-24,Isabella Pereira,RJ,4,cartao_credito,6,-22.25,-42.66
6626a5c61be7ea4a2fc053e6,Iniciando em programação,livros,72.84,1.4629499343,2021-04-24,Bianca Santos,SP,3,cartao_credito,2,-22.19,-48.79
6626a5c61be7ea4a2fc053fc,Modelagem preditiva,livros,84.26,5.0128565014,2021-05-24,João Souza,RN,4,cartao_credito,2,-5.81,-36.59
6626a5c61be7ea4a2fc05401,Modelagem preditiva,livros,93.95,2.5869939269,2021-05-24,Juliana Costa,SP,5,cartao_credito,2,-22.19,-48.79
6626a5c61be7ea4a2fc0540c,Modelagem preditiva,livros,84.56,12.5802135027,2022-05-24,Mariana Ferreira,RJ,5,cartao_credito,10,-22.25,-42.66
6626a5c61be7ea4a2fc05415,Modelagem preditiva,livros,94.35,11.2657890437,2020-06-24,Larissa Alves,SP,4,cartao_credito,6,-22.19,-48.79
6626a5c61be7ea4a2fc0541a,Modelagem preditiva,livros,83.66,2.0390823833,2021-06-24,Rafael Costa,MG,1,boleto,1,-18.1,-44.38
6626a5c61be7ea4a2fc0541e,Ciência de dados com python,livros,66.7,1.1360134059,2022-06-24,Isabella Pereira,RJ,1,cartao_credito,2,-22.25,-42.66
6626a5c61be7ea4a2fc0541f,Modelagem preditiva,livros,102.08,6.3238680771,2022-06-24,Beatriz Moraes,SP,5,cartao_credito,1,-22.19,-48.79
6626a5c61be7ea4a2fc05424,Dashboards com Power BI,livros,50.5,0.0,2020-07-24,Bruno Rodrigues,SP,5,cartao_credito,5,-22.19,-48.79
6626a5c61be7ea4a2fc0542c,Ciência de dados com python,livros,72.22,1.4299367995,2021-07-24,Mariana Ferreira,MG,5,cartao_credito,2,-18.1,-44.38
6626a5c61be7ea4a2fc05439,Modelagem preditiva,livros,98.74,2.8420470166,2020-08-24,Felipe Santos,SP,5,cartao_debito,1,-22.19,-48.79
6626a5c61be7ea4a2fc0543d,Iniciando em programação,livros,43.28,0.0,2021-08-24,Pedro Gomes,MG,1,cartao_credito,2,-18.1,-44.38
6626a5c61be7ea4a2fc0544a,Iniciando em programação,livros,53.7,3.3904679739,2020-09-24,Beatriz Moraes,SP,5,cartao_credito,1,-22.19,-48.79
6626a5c61be7ea4a2fc0545f,Dashboards com Power BI,livros,48.48,0.0,2020-10-24,Lucas Oliveira,SP,2,cartao_credito,1,-22.19,-48.79
6626a5c61be7ea4a2fc05469,Iniciando em programação,livros,83.25,2.0172511168,2021-10-24,Thiago Silva,PR,5,cartao_credito,2,-24.89,-51.55
6626a5c61be7ea4a2fc0546e,Iniciando em programação,livros,72.08,4.1268199665,2022-10-24,Mariana Ferreira,MG,4,cartao_credito,12,-18.1,-44.38
6626a5c61be7ea4a2fc05474,Iniciando em programação,livros,60.34,3.4960493816,2022-10-24,João Souza,SP,5,cartao_credito,1,-22.19,-48.79
6626a5c61be7ea4a2fc05486,Ciência de dados com python,livros,91.62,5.1672661823,2021-11-24,Mariana Ferreira,SP,5,cartao_credito,1,-22.19,-48.79
6626a5c61be7ea4a2fc05494,Iniciando em programação,livros,43.81,3.2211658768,2020-12-24,Bruno Rodrigues,RS,5,cartao_credito,4,-30.17,-53.5
6626a5c61be7ea4a2fc05495,Iniciando em programação,livros,69.36,5.3460056894,2020-12-24,Isabella Pereira,RJ,5,cartao_credito,2,-22.25,-42.66
6626a5c61be7ea4a2fc054bd,Iniciando em programação,livros,69.96,1.3095985985,2020-01-25,Felipe Santos,PR,5,boleto,1,-24.89,-51.55
6626a5c61be7ea4a2fc054c4,Dashboards com Power BI,livros,36.78,2.489528876,2021-01-25,Mariana Ferreira,GO,1,cartao_credito,4,-15.98,-49.86
6626a5c61be7ea4a2fc054c8,Modelagem preditiva,livros,71.95,10.2107354105,2022-01-25,Thiago Silva,PE,3,boleto,1,-8.38,-37.86
6626a5c61be7ea4a2fc054cb,Iniciando em programação,livros,76.83,4.6220708895,2022-01-25,Thiago Silva,SP,5,cartao_credito,2,-22.19,-48.79
6626a5c61be7ea4a2fc054df,Dashboards com Power BI,livros,58.85,0.0,2021-02-25,Rafael Costa,RJ,4,cartao_credito,4,-22.25,-42.66
6626a5c61be7ea4a2fc05504,Dashboards com Power BI,livros,58.19,0.0,2020-03-25,Rafael Costa,DF,5,boleto,1,-15.83,-47.86
6626a5c61be7ea4a2fc05507,Modelagem preditiva,livros,92.77,5.2228493191,2021-03-25,Mariana Ferreira,SP,5,cartao_credito,1,-22.19,-48.79
6626a5c61be7ea4a2fc0550b,Ciência de dados com python,livros,83.92,2.0529266011,2021-03-25,Lucas Oliveira,MG,3,boleto,1,-18.1,-44.38
6626a5c61be7ea4a2fc05512,Dashboards com Power BI,livros,49.46,0.0,2022-03-25,Juliana Costa,RJ,3,cartao_credito,5,-22.25,-42.66
6626a5c61be7ea4a2fc05513,Modelagem preditiva,livros,85.17,5.2220584248,2022-03-25,Camila Ribeiro,SP,4,cartao_credito,3,-22.19,-48.79
6626a5c61be7ea4a2fc05544,Dashboards com Power BI,livros,52.71,4.2057642736,2020-05-25,Juliana Costa,SP,5,boleto,1,-22.19,-48.79
6626a5c61be7ea4a2fc05549,Modelagem preditiva,livros,74.88,1.5715737971,2021-05-25,Juliana Costa,SP,5,boleto,1,-22.19,-48.79
6626a5c61be7ea4a2fc05557,Ciência de dados com python,livros,94.06,8.1722283523,2022-05-25,Isabella Pereira,GO,1,cartao_credito,8,-15.98,-49.86
6626a5c61be7ea4a2fc05565,Ciência de dados com python,livros,60.74,0.0,2021-06-25,Felipe Santos,SP,5,cartao_credito,1,-22.19,-48.79
6626a5c61be7ea4a2fc05585,Dashboards com Power BI,livros,46.32,2.7495265595,2020-08-25,Mariana Ferreira,SP,5,cartao_credito,4,-22.19,-48.79
6626a5c61be7ea4a2fc055a0,Modelagem preditiva,livros,97.35,12.9856042495,2020-09-25,Juliana Costa,MG,4,cartao_credito,1,-18.1,-44.38
6626a5c61be7ea4a2fc055e1,Modelagem preditiva,livros,106.81,3.2717502388,2022-11-25,Juliana Costa,SP,5,cartao_credito,1,-22.19,-48.79
6626a5c61be7ea4a2fc055e7,Ciência de dados com python,livros,63.46,0.0,2022-11-25,Felipe Santos,PB,5,cupom,1,-7.28,-36.72
6626a5c61be7ea4a2fc0560b,Iniciando em programação,livros,45.42,3.1054905089,2021-01-26,Bruno Rodrigues,RJ,4,cartao_credito,10,-22.25,-42.66
6626a5c61be7ea4a2fc0560c,Iniciando em programação,livros,82.27,4.9117345238,2021-01-26,Rafael Costa,SP,5,cartao_credito,1,-22.19,-48.79
6626a5c61be7ea4a2fc05628,Iniciando em programação,livros,89.81,5.3132168404,2021-02-26,Bruno Rodrigues,MG,5,cartao_credito,5,-18.1,-44.38
6626a5c61be7ea4a2fc05636,Modelagem preditiva,livros,85.82,2.1540958852,2022-02-26,Lucas Oliveira,SP,2,cartao_credito,2,-22.19,-48.79
6626a5c61be7ea4a2fc0566e,Modelagem preditiva,livros,87.34,2.2350313124,2021-04-26,Lucas Oliveira,SP,3,cartao_credito,8,-22.19,-48.79
6626a5c61be7ea4a2fc05671,Modelagem preditiva,livros,87.66,5.5560464583,2022-04-26,Felipe Santos,MG,1,cartao_credito,3,-18.1,-44.38
6626a5c61be7ea4a2fc05679,Dashboards com Power BI,livros,59.68,0.0,2022-04-26,Thiago Silva,SP,4,cartao_credito,2,-22.19,-48.79
6626a5c61be7ea4a2fc056aa,Modelagem preditiva,livros,102.25,8.6083212135,2020-07-26,Camila Ribeiro,MG,5,cartao_credito,1,-18.1,-44.38
6626a5c61be7ea4a2fc056ab,Ciência de dados com python,livros,66.41,3.8249095241,2020-07-26,Bianca Santos,BA,5,cartao_credito,3,-13.29,-41.71
6626a5c61be7ea4a2fc056ca,Iniciando em programação,livros,86.73,5.1492161063,2022-08-26,Camila Ribeiro,SP,1,cartao_credito,5,-22.19,-48.79
6626a5c61be7ea4a2fc056f3,Modelagem preditiva,livros,63.13,3.8925871046,2021-10-26,Felipe Santos,MG,5,cartao_credito,1,-18.1,-44.38
6626a5c61be7ea4a2fc05705,Dashboards com Power BI,livros,35.87,11.0043559535,2021-11-26,Mariana Ferreira,SP,4,cartao_credito,3,-22.19,-48.79
6626a5c61be7ea4a2fc05715,Modelagem preditiva,livros,74.15,5.3473797734,2020-12-26,Larissa Alves,DF,5,cartao_credito,1,-15.83,-47.86
6626a5c61be7ea4a2fc0571b,Modelagem preditiva,livros,103.85,3.1141391437,2021-12-26,João Souza,RJ,1,boleto,1,-22.25,-42.66
6626a5c61be7ea4a2fc05728,Ciência de dados com python,livros,81.27,1.9118220734,2022-12-26,Juliana Costa,RJ,5,cartao_credito,4,-22.25,-42.66
6626a5c61be7ea4a2fc0573d,Iniciando em programação,livros,46.96,0.0,2022-01-27,João Souza,RS,5,cupom,1,-30.17,-53.5
6626a5c61be7ea4a2fc05741,Ciência de dados com python,livros,96.51,6.0787149911,2022-01-27,Thiago Silva,MT,5,cupom,1,-12.64,-55.42
6626a5c61be7ea4a2fc05755,Modelagem preditiva,livros,108.86,3.3809065716,2021-02-27,Mariana Ferreira,RJ,1,cupom,1,-22.25,-42.66
6626a5c61be7ea4a2fc0576f,Modelagem preditiva,livros,72.93,1.4677421635,2023-02-27,Bianca Santos,SC,5,cartao_credito,1,-27.45,-50.95
6626a5c61be7ea4a2fc0577d,Ciência de dados com python,livros,58.27,3.3914790125,2021-03-27,Bianca Santos,SP,1,boleto,1,-22.19,-48.79
6626a5c61be7ea4a2fc05781,Ciência de dados com python,livros,87.44,5.1870214703,2021-03-27,Mariana Ferreira,SP,5,cartao_credito,1,-22.19,-48.79
6626a5c61be7ea4a2fc05794,Dashboards com Power BI,livros,48.56,0.0,2023-03-27,Thiago Silva,CE,1,cartao_credito,1,-5.2,-39.53
6626a5c61be7ea4a2fc05795,Modelagem preditiva,livros,71.75,4.708886822,2020-04-27,Lucas Oliveira,SP,5,cartao_credito,4,-22.19,-48.79
6626a5c61be7ea4a2fc05798,Modelagem preditiva,livros,102.74,3.055034983,2020-04-27,Lucas Oliveira,ES,3,cartao_credito,1,-19.19,-40.34
6626a5c61be7ea4a2fc057a2,Iniciando em programação,livros,86.68,5.5038644066,2021-04-27,Rafael Costa,ES,4,cartao_credito,1,-19.19,-40.34
6626a5c61be7ea4a2fc057c1,Dashboards com Power BI,livros,38.12,0.0,2022-05-27,Lucas Oliveira,SP,4,cupom,1,-22.19,-48.79
6626a5c61be7ea4a2fc057c7,Dashboards com Power BI,livros,42.15,0.0,2020-06-27,Camila Ribeiro,MG,5,boleto,1,-18.1,-44.38
6626a5c61be7ea4a2fc057d5,Modelagem preditiva,livros,73.05,1.4741318025,2022-06-27,Pedro Gomes,SP,4,cartao_credito,2,-22.19,-48.79
6626a5c61be7ea4a2fc057f9,Iniciando em programação,livros,77.57,5.0187843131,2020-08-27,Felipe Santos,SP,5,cartao_credito,10,-22.19,-48.79
6626a5c61be7ea4a2fc05801,Ciência de dados com python,livros,82.73,1.9895626811,2021-08-27,Bianca Santos,SP,5,cartao_debito,1,-22.19,-48.79
6626a5c61be7ea4a2fc05806,Dashboards com Power BI,livros,54.86,0.0,2021-08-27,Bruno Rodrigues,PR,4,boleto,1,-24.89,-51.55
6626a5c61be7ea4a2fc0580b,Dashboards com Power BI,livros,55.86,0.0,2022-08-27,Isabella Pereira,MA,1,cartao_credito,1,-5.42,-45.44
6626a5c61be7ea4a2fc0581f,Dashboards com Power BI,livros,48.83,3.1311551248,2021-09-27,Camila Ribeiro,SP,1,cartao_credito,6,-22.19,-48.79
6626a5c61be7ea4a2fc05832,Modelagem preditiva,livros,70.14,4.0235208028,2021-10-27,Juliana Costa,RJ,5,cartao_credito,4,-22.25,-42.66
6626a5c61be7ea4a2fc0583c,Modelagem preditiva,livros,81.35,1.9160818327,2022-10-27,Thiago Silva,SP,5,boleto,1,-22.19,-48.79
6626a5c61be7ea4a2fc05841,Iniciando em programação,livros,52.05,5.9353222354,2022-10-27,Mariana Ferreira,SP,5,cartao_credito,1,-22.19,-48.79
6626a5c61be7ea4a2fc05849,Ciência de dados com python,livros,59.0,0.0,2020-11-27,Isabella Pereira,SP,5,cartao_credito,2,-22.19,-48.79
6626a5c61be7ea4a2fc05857,Ciência de dados com python,livros,54.57,0.0,2020-12-27,Beatriz Moraes,SP,5,cartao_credito,6,-22.19,-48.79
6626a5c61be7ea4a2fc0586b,Modelagem preditiva,livros,83.1,7.5886413244,2021-12-27,Larissa Alves,SP,4,cupom,1,-22.19,-48.79
6626a5c61be7ea4a2fc05873,Ciência de dados com python,livros,59.38,4.1016541931,2022-12-27,Camila Ribeiro,SP,5,boleto,1,-22.19,-48.79
6626a5c61be7ea4a2fc05876,Dashboards com Power BI,livros,39.22,0.0,2020-01-28,Lucas Oliveira,ES,5,cartao_credito,6,-19.19,-40.34
6626a5c61be7ea4a2fc05884,Dashboards com Power BI,livros,46.61,8.7237776649,2021-01-28,Felipe Santos,RJ,4,cartao_credito,1,-22.25,-42.66
6626a5c61be7ea4a2fc05885,Iniciando em programação,livros,70.34,4.0285192976,2021-01-28,Mariana Ferreira,PI,1,cartao_debito,1,-6.6,-42.28
6626a5c61be7ea4a2fc05889,Modelagem preditiva,livros,105.58,5.9049432815,2021-01-28,Bruno Rodrigues,DF,5,cartao_credito,3,-15.83,-47.86
6626a5c61be7ea4a2fc05890,Ciência de dados com python,livros,95.68,2.6791112223,2023-01-28,Thiago Silva,SP,5,cartao_credito,2,-22.19,-48.79
6626a5c61be7ea4a2fc058a8,Iniciando em programação,livros,45.87,3.3308546795,2022-02-28,Beatriz Moraes,SP,4,cartao_credito,2,-22.19,-48.79
6626a5c61be7ea4a2fc058bb,Iniciando em programação,livros,47.72,0.0,2020-03-28,Larissa Alves,SP,5,cartao_credito,1,-22.19,-48.79
6626a5c61be7ea4a2fc058be,Iniciando em programação,livros,61.89,3.8217212994,2021-03-28,Lucas Oliveira,CE,3,cartao_credito,6,-5.2,-39.53
6626a5c61be7ea4a2fc058ce,Iniciando em programação,livros,88.87,7.8958764659,2022-03-28,Lucas Oliveira,ES,5,cartao_credito,10,-19.19,-40.34
6626a5c61be7ea4a2fc058d1,Modelagem preditiva,livros,93.37,6.3707869519,2023-03-28,Felipe Santos,RJ,5,cartao_debito,1,-22.25,-42.66
6626a5c61be7ea4a2fc058ea,Iniciando em programação,livros,55.92,0.0,2022-04-28,Bruno Rodrigues,SP,5,boleto,1,-22.19,-48.79
6626a5c61be7ea4a2fc058f0,Iniciando em programação,livros,61.29,4.1519232899,2020-05-28,Larissa Alves,DF,5,cartao_credito,1,-15.83,-47.86
6626a5c61be7ea4a2fc058fa,Dashboards com Power BI,livros,55.69,0.0,2021-05-28,Isabella Pereira,SP,4,cartao_credito,3,-22.19,-48.79
6626a5c61be7ea4a2fc058fe,Iniciando em programação,livros,82.14,4.9048124148,2022-05-28,Rafael Costa,SP,5,boleto,1,-22.19,-48.79
6626a5c61be7ea4a2fc058ff,Ciência de dados com python,livros,93.61,5.5155554085,2022-05-28,Isabella Pereira,PA,3,boleto,1,-3.79,-52.48
6626a5c61be7ea4a2fc05901,Dashboards com Power BI,livros,58.9,3.4193737137,2022-05-28,Juliana Costa,MG,4,boleto,1,-18.1,-44.38
6626a5c61be7ea4a2fc0591a,Iniciando em programação,livros,54.99,3.4543170574,2022-06-28,Juliana Costa,SP,5,boleto,1,-22.19,-48.79
6626a5c61be7ea4a2fc0591b,Dashboards com Power BI,livros,48.2,2.8496309037,2022-06-28,Lucas Oliveira,SP,5,cartao_credito,1,-22.19,-48.79
6626a5c61be7ea4a2fc0592d,Iniciando em programação,livros,56.37,3.5326374414,2022-07-28,Bruno Rodrigues,PE,5,boleto,1,-8.38,-37.86
6626a5c61be7ea4a2fc0592f,Iniciando em programação,livros,59.37,4.1011217232,2022-07-28,Larissa Alves,SP,3,cartao_credito,7,-22.19,-48.79
6626a5c61be7ea4a2fc05936,Modelagem preditiva,livros,104.15,3.1301132411,2020-08-28,Bianca Santos,BA,4,cartao_credito,4,-13.29,-41.71
6626a5c61be7ea4a2fc05939,Dashboards com Power BI,livros,58.97,9.5195894596,2021-08-28,Bruno Rodrigues,SC,4,cartao_credito,7,-27.45,-50.95
6626a5c61be7ea4a2fc0595d,Iniciando em programação,livros,66.74,1.1381432855,2020-10-28,Thiago Silva,PA,3,cartao_credito,1,-3.79,-52.48
6626a5c61be7ea4a2fc05962,Iniciando em programação,livros,76.49,4.6039669123,2021-10-28,Pedro Gomes,SP,5,cartao_credito,2,-22.19,-48.79
6626a5c61be7ea4a2fc05979,Dashboards com Power BI,livros,39.63,8.4897926421,2021-11-28,Pedro Gomes,RJ,4,cupom,1,-22.25,-42.66
6626a5c61be7ea4a2fc05994,Modelagem preditiva,livros,103.94,3.1189313729,2022-12-28,Larissa Alves,SP,2,boleto,1,-22.19,-48.79
6626a5c61be7ea4a2fc059aa,Ciência de dados com python,livros,88.69,7.8862920074,2020-01-29,Lucas Oliveira,ES,5,cartao_credito,1,-19.19,-40.34
6626a5c61be7ea4a2fc059ba,Iniciando em programação,livros,68.29,14.1423395352,2022-01-29,Rafael Costa,MG,5,cartao_credito,1,-18.1,-44.38
6626a5c61be7ea4a2fc059be,Iniciando em programação,livros,57.33,0.0,2022-01-29,Pedro Gomes,SC,4,cartao_debito,1,-27.45,-50.95
6626a5c61be7ea4a2fc059cd,Iniciando em programação,livros,63.31,5.0238613902,2020-02-29,João Souza,SP,5,cartao_credito,1,-22.19,-48.79
6626a5c61be7ea4a2fc059d1,Ciência de dados com python,livros,62.52,0.0,2020-03-29,Bruno Rodrigues,SC,5,cartao_credito,2,-27.45,-50.95
6626a5c61be7ea4a2fc059da,Modelagem preditiva,livros,96.5,5.6645996786,2021-03-29,João Souza,SP,5,cartao_credito,4,-22.19,-48.79
6626a5c61be7ea4a2fc059e6,Modelagem preditiva,livros,62.38,3.8526518609,2022-03-29,Bianca Santos,CE,1,cupom,1,-5.2,-39.53
6626a5c61be7ea4a2fc059f3,Iniciando em programação,livros,41.19,3.5923589304,2023-03-29,Bianca Santos,BA,5,cartao_credito,4,-13.29,-41.71
6626a5c61be7ea4a2fc059ff,Modelagem preditiva,livros,91.79,5.4186458838,2020-04-29,Rafael Costa,BA,5,cartao_credito,8,-13.29,-41.71
6626a5c61be7ea4a2fc05a0a,Iniciando em programação,livros,82.77,4.9383580196,2022-04-29,Bianca Santos,PR,5,cartao_credito,4,-24.89,-51.55
6626a5c61be7ea4a2fc05a3c,Modelagem preditiva,livros,86.33,2.1812518509,2022-06-29,Juliana Costa,SP,5,cartao_credito,1,-22.19,-48.79
6626a5c61be7ea4a2fc05a3d,Iniciando em programação,livros,65.58,4.0182026984,2022-06-29,Bruno Rodrigues,SP,4,cartao_credito,1,-22.19,-48.79
6626a5c61be7ea4a2fc05a4e,Dashboards com Power BI,livros,44.68,0.0,2021-07-29,Larissa Alves,SP,5,cupom,1,-22.19,-48.79
6626a5c61be7ea4a2fc05a8c,Dashboards com Power BI,livros,36.9,2.495918515,2020-10-29,Bruno Rodrigues,RJ,1,boleto,1,-22.25,-42.66
6626a5c61be7ea4a2fc05a99,Modelagem preditiva,livros,64.3,1.008220626,2022-10-29,Bruno Rodrigues,PR,5,cupom,1,-24.89,-51.55
6626a5c61be7ea4a2fc05aa3,Modelagem preditiva,livros,85.2,2.1210827504,2020-11-29,João Souza,SP,4,cartao_credito,1,-22.19,-48.79
6626a5c61be7ea4a2fc05aa5,Iniciando em programação,livros,80.68,1.8804063484,2020-11-29,Pedro Gomes,RJ,4,cartao_credito,1,-22.25,-42.66
6626a5c61be7ea4a2fc05ac2,Dashboards com Power BI,livros,49.8,0.0,2021-12-29,Isabella Pereira,RJ,1,cartao_credito,6,-22.25,-42.66
6626a5c61be7ea4a2fc05ace,Dashboards com Power BI,livros,53.48,3.1307750193,2020-01-30,Isabella Pereira,PR,4,cupom,1,-24.89,-51.55
6626a5c61be7ea4a2fc05ae2,Modelagem preditiva,livros,100.54,13.1554621527,2022-01-30,Beatriz Moraes,SP,5,cartao_credito,3,-22.19,-48.79
6626a5c61be7ea4a2fc05af8,Modelagem preditiva,livros,93.04,5.4852046232,2022-03-30,Juliana Costa,RJ,4,cartao_credito,2,-22.25,-42.66
6626a5c61be7ea4a2fc05b12,Iniciando em programação,livros,88.55,5.246125631,2021-04-30,Rafael Costa,RN,1,cartao_credito,6,-5.81,-36.59
6626a5c61be7ea4a2fc05b16,Iniciando em programação,livros,50.01,4.315676402,2021-04-30,João Souza,SP,5,boleto,1,-22.19,-48.79
6626a5c61be7ea4a2fc05b33,Iniciando em programação,livros,44.3,0.0,2022-05-30,Felipe Santos,CE,5,boleto,1,-5.2,-39.53
6626a5c61be7ea4a2fc05b42,Dashboards com Power BI,livros,35.61,0.0,2021-06-30,Thiago Silva,RJ,5,cartao_credito,6,-22.25,-42.66
6626a5c61be7ea4a2fc05b43,Iniciando em programação,livros,60.5,3.5045689003,2021-06-30,Felipe Santos,PA,4,cartao_credito,1,-3.79,-52.48
6626a5c61be7ea4a2fc05b50,Dashboards com Power BI,livros,47.91,0.0,2020-07-30,Bruno Rodrigues,PR,4,boleto,1,-24.89,-51.55
6626a5c61be7ea4a2fc05b5c,Iniciando em programação,livros,57.45,3.9474548422,2022-07-30,Mariana Ferreira,SP,5,cartao_credito,4,-22.19,-48.79
6626a5c61be7ea4a2fc05b6c,Ciência de dados com python,livros,62.49,0.0,2022-08-30,Isabella Pereira,RJ,1,cartao_credito,2,-22.25,-42.66
6626a5c61be7ea4a2fc05b89,Iniciando em programação,livros,81.41,10.714451951,2022-09-30,Thiago Silva,ES,1,cartao_credito,10,-19.19,-40.34
6626a5c61be7ea4a2fc05b97,Modelagem preditiva,livros,60.24,3.4907246825,2022-09-30,Beatriz Moraes,SC,4,cartao_credito,1,-27.45,-50.95
6626a5c61be7ea4a2fc05b9c,Iniciando em programação,livros,76.39,10.3094730747,2021-10-30,Mariana Ferreira,MG,5,cartao_credito,1,-18.1,-44.38
6626a5c61be7ea4a2fc05b9f,Ciência de dados com python,livros,67.91,1.2004422657,2021-10-30,Lucas Oliveira,SP,1,cartao_credito,3,-22.19,-48.79
6626a5c61be7ea4a2fc05ba2,Dashboards com Power BI,livros,46.14,0.0,2021-10-30,Camila Ribeiro,SP,4,cartao_credito,1,-22.19,-48.79
6626a5c61be7ea4a2fc05bad,Iniciando em programação,livros,77.69,1.7211978435,2022-10-30,Camila Ribeiro,RJ,5,cartao_credito,5,-22.25,-42.66
6626a5c61be7ea4a2fc05bb0,Modelagem preditiva,livros,87.69,5.5576438681,2020-11-30,Mariana Ferreira,PE,4,cartao_credito,4,-8.38,-37.86
6626a5c61be7ea4a2fc05bba,Dashboards com Power BI,livros,37.26,8.2259182935,2021-11-30,Isabella Pereira,RS,1,cartao_credito,10,-30.17,-53.5
6626a5c61be7ea4a2fc05bc1,Dashboards com Power BI,livros,40.85,0.0,2022-11-30,Bruno Rodrigues,RJ,5,cupom,1,-22.25,-42.66
6626a5c61be7ea4a2fc05bc3,Iniciando em programação,livros,78.85,4.8855374379,2022-11-30,Camila Ribeiro,PR,5,cartao_credito,2,-24.89,-51.55
6626a5c61be7ea4a2fc05bcd,Modelagem preditiva,livros,77.65,4.6657334226,2020-12-30,Pedro Gomes,SP,4,boleto,1,-22.19,-48.79
6626a5c61be7ea4a2fc05be7,Modelagem preditiva,livros,90.1,5.328658468,2020-01-31,Camila Ribeiro,MG,4,cartao_credito,1,-18.1,-44.38
6626a5c61be7ea4a2fc05bf2,Modelagem preditiva,livros,89.63,2.3569669232,2021-01-31,Larissa Alves,RJ,4,cartao_credito,1,-22.25,-42.66
6626a5c61be7ea4a2fc05bfc,Dashboards com Power BI,livros,38.6,2.5864384007,2022-01-31,Pedro Gomes,RS,5,boleto,1,-30.17,-53.5
6626a5c61be7ea4a2fc05c01,Modelagem preditiva,livros,98.96,5.5524481971,2023-01-31,Pedro Gomes,SP,5,boleto,1,-22.19,-48.79
6626a5c61be7ea4a2fc05c09,Iniciando em programação,livros,84.44,5.8952913169,2020-03-31,Bruno Rodrigues,DF,5,cartao_credito,3,-15.83,-47.86
6626a5c61be7ea4a2fc05c19,Modelagem preditiva,livros,70.68,1.3479364324,2023-03-31,Thiago Silva,RS,3,cartao_credito,3,-30.17,-53.5
6626a5c61be7ea4a2fc05c29,Modelagem preditiva,livros,108.34,6.0519049783,2021-05-31,Pedro Gomes,RS,4,boleto,1,-30.17,-53.5
6626a5c61be7ea4a2fc05c30,Ciência de dados com python,livros,80.93,1.8937180963,2020-07-31,Bianca Santos,RJ,3,boleto,1,-22.25,-42.66
6626a5c61be7ea4a2fc05c3d,Ciência de dados com python,livros,59.49,3.4507894388,2022-07-31,Beatriz Moraes,MT,3,boleto,1,-12.64,-55.42
6626a5c61be7ea4a2fc05c41,Dashboards com Power BI,livros,41.27,2.7286078683,2022-07-31,João Souza,SC,5,cartao_credito,12,-27.45,-50.95
6626a5c61be7ea4a2fc05c45,Ciência de dados com python,livros,81.58,4.6326663866,2020-08-31,Juliana Costa,SP,5,cartao_credito,2,-22.19,-48.79
6626a5c61be7ea4a2fc05c4b,Modelagem preditiva,livros,109.17,6.7013892476,2021-08-31,Felipe Santos,MG,3,cartao_credito,3,-18.1,-44.38
6626a5c61be7ea4a2fc05c57,Modelagem preditiva,livros,94.89,5.5788720221,2022-08-31,Pedro Gomes,SP,5,cartao_credito,1,-22.19,-48.79
6626a5c61be7ea4a2fc05c7d,Dashboards com Power BI,livros,54.85,3.4517020142,2022-12-31,Lucas Oliveira,RJ,5,cartao_credito,3,-22.25,-42.66
